player_id,name,pos,team,age,age_mult,snap_pct,tgt_share,tgt_pg,car_pg,ypt,ypc,games,ppg,proj,p_rec,p_rec_yds,p_rec_tds,p_rush_yds,p_rush_tds,p_pass_yds,p_pass_tds,p_ints,changed_team,on_roster,sample_games,rookie,pick,tier,context_mult,context_note
00-0036389,Jalen Hurts,QB,PHI,28.1,1.05,95.9,0.0,0.0,7.2,3.36,4.09,15.5,21.77,337.4,0.0,0.1,0.0,512.7,10.5,3427.0,24.6,6.2,False,True,31,,,,1.119,"weapons 97 pctl, pass protection 76 pctl"
00-0034857,Josh Allen,QB,BUF,30.3,1.04,91.2,0.0,0.0,6.5,3.36,4.87,14.5,22.81,330.8,0.0,0.1,0.0,484.3,11.2,3409.0,23.7,8.0,False,True,32,,,,1.05,"weapons 69 pctl, pass protection 62 pctl"
00-0036442,Joe Burrow,QB,CIN,29.7,1.04,93.4,0.0,0.0,2.5,3.36,4.05,15.0,20.25,303.7,0.0,0.2,0.0,162.4,1.5,3966.1,34.3,8.7,False,True,25,,,,1.087,"weapons 91 pctl, pass protection 58 pctl"
00-0037834,Brock Purdy,QB,SF,26.7,1.05,98.3,0.0,0.0,4.1,3.36,4.39,15.5,18.9,292.9,0.0,0.2,0.0,290.7,4.2,3845.5,28.2,14.0,False,True,24,,,,1.051,"weapons 62 pctl, pass protection 75 pctl"
00-0039732,Bo Nix,QB,DEN,26.5,1.04,99.4,0.2,0.1,5.0,3.25,4.31,15.5,18.75,290.6,0.8,2.9,0.2,360.1,4.0,3722.6,25.0,10.1,False,True,34,,,,1.079,"weapons 66 pctl, pass protection 96 pctl"
LOV121782,Jeremiyah Love,RB,ARI,,1.0,,,0.0,0.0,0.0,0.0,15.5,18.03,279.5,56.7,416.0,2.7,1225.2,11.8,0.0,0.0,0.0,False,True,0,True,3.0,Top 10,0.964,OL by his own gap mix: 33 pctl (L36/M27/R37 split) + team pass game 50 pctl
00-0039851,Drake Maye,QB,NE,24.0,1.0,92.2,0.1,0.0,5.3,3.33,4.68,15.5,17.97,278.5,0.5,2.0,0.1,375.8,3.2,3522.9,24.3,8.7,False,True,29,,,,0.974,"weapons 44 pctl, pass protection 36 pctl"
00-0039139,Jahmyr Gibbs,RB,DET,24.5,1.05,63.5,14.7,4.8,14.2,6.64,5.06,15.0,18.49,277.4,58.9,483.2,3.5,1095.8,11.5,0.1,0.0,0.0,False,True,34,,,,1.015,OL by his own gap mix: 40 pctl (L39/M20/R41 split) + team pass game 91 pctl
00-0036971,Trevor Lawrence,QB,JAX,26.9,1.05,95.4,0.0,0.0,4.4,3.36,4.27,15.5,17.66,273.8,0.0,0.2,0.0,284.1,6.9,3339.3,22.9,10.6,False,True,27,,,,0.97,"weapons 31 pctl, pass protection 56 pctl"
00-0040743,Tyler Shough,QB,NO,26.9,1.05,83.5,0.0,0.0,4.3,3.36,4.11,15.5,17.17,266.2,0.1,0.3,0.0,300.1,5.4,3712.3,18.4,9.2,False,True,10,,,,1.089,"weapons 94 pctl, pass protection 54 pctl"
00-0039910,Jayden Daniels,QB,WAS,25.7,1.04,90.6,0.0,0.0,7.8,3.36,5.03,15.0,17.73,266.0,0.0,0.2,0.0,584.9,4.9,2897.4,19.3,7.5,False,True,24,,,,0.995,"weapons 47 pctl, pass protection 51 pctl"
00-0033106,Jared Goff,QB,DET,31.9,1.01,98.1,0.1,0.0,1.7,3.41,3.39,14.5,18.33,265.8,0.2,0.9,0.1,87.4,0.5,3846.4,28.8,7.9,False,True,34,,,,1.03,"weapons 75 pctl, pass protection 32 pctl"
00-0034869,Sam Darnold,QB,SEA,29.2,1.05,97.1,0.0,0.0,2.9,3.36,3.51,15.5,17.1,265.1,0.0,0.1,0.0,172.2,0.7,3985.8,26.9,11.7,False,True,34,,,,1.095,"weapons 84 pctl, pass protection 77 pctl"
00-0040691,Jaxson Dart,QB,NYG,23.3,0.96,83.6,0.0,0.0,5.1,3.36,4.86,15.5,16.79,260.3,0.1,0.2,0.0,415.0,7.3,2833.1,18.7,6.6,False,True,14,,,,1.073,"weapons 100 pctl, pass protection 26 pctl"
00-0038542,Bijan Robinson,RB,ATL,24.6,1.05,77.3,18.1,5.3,16.7,7.13,4.92,15.0,17.29,259.3,59.1,539.0,2.2,1182.2,7.4,0.1,0.0,0.0,False,True,34,,,,0.959,OL by his own gap mix: 35 pctl (L49/M9/R41 split) + team pass game 38 pctl
00-0026498,Matthew Stafford,QB,LA,38.6,0.66,99.0,0.0,0.0,1.3,3.36,2.67,13.5,19.16,258.7,0.0,0.1,0.0,50.6,0.4,3596.4,30.2,6.7,False,True,33,,,,1.052,"weapons 59 pctl, pass protection 82 pctl"
00-0039075,Puka Nacua,WR,LA,25.3,1.06,68.6,30.7,9.7,0.7,9.76,5.54,15.5,16.57,256.9,113.0,1473.7,7.6,55.9,0.3,0.1,0.0,0.0,False,True,27,,,,1.0,
00-0034796,Lamar Jackson,QB,BAL,29.6,1.04,90.1,0.0,0.0,6.0,3.36,5.29,15.5,16.57,256.8,0.0,0.1,0.0,433.4,2.6,2860.2,24.4,7.1,False,True,30,,,,0.88,"weapons 3 pctl, pass protection 23 pctl"
00-0033873,Patrick Mahomes,QB,KC,31.0,1.03,98.0,0.2,0.1,4.3,2.94,5.35,14.5,17.37,251.9,0.7,2.5,0.2,316.2,3.3,3363.1,21.3,10.5,False,True,30,,,,0.958,"weapons 38 pctl, pass protection 33 pctl"
00-0036223,Jonathan Taylor,RB,IND,27.6,0.9,82.0,10.1,2.5,16.1,6.12,4.77,15.0,16.75,251.3,32.6,256.0,1.0,1260.0,12.9,0.1,0.0,0.0,False,True,31,,,,1.094,OL by his own gap mix: 88 pctl (L26/M42/R32 split) + team pass game 66 pctl
00-0036900,Ja'Marr Chase,WR,CIN,26.5,1.06,93.7,30.6,10.8,0.2,8.17,5.01,15.5,16.21,251.2,113.8,1363.9,9.3,15.1,0.1,0.1,0.0,0.0,False,True,33,,,,1.0,
00-0039918,Caleb Williams,QB,CHI,24.8,1.02,99.0,0.2,0.1,4.5,3.81,4.87,15.5,16.1,249.6,0.9,4.2,0.2,327.3,2.0,3265.5,21.3,6.5,False,True,34,,,,0.96,"weapons 6 pctl, pass protection 94 pctl"
00-0033077,Dak Prescott,QB,DAL,33.1,0.99,94.4,0.0,0.0,3.0,3.36,3.8,13.5,18.25,246.4,0.0,0.1,0.0,160.8,2.1,3577.6,23.0,8.7,False,True,25,,,,1.061,"weapons 72 pctl, pass protection 67 pctl"
00-0035710,Daniel Jones,QB,IND,29.3,1.05,93.1,0.0,0.0,4.3,3.36,3.93,15.5,15.85,245.7,0.0,0.2,0.0,249.3,5.6,3274.1,18.9,9.7,False,True,23,,,,0.951,"weapons 16 pctl, pass protection 68 pctl"
00-0039163,C.J. Stroud,QB,HOU,24.9,1.02,91.8,0.1,0.0,3.4,3.32,4.26,15.5,15.81,245.1,0.2,1.1,0.1,244.6,1.3,3606.1,21.7,9.5,False,True,31,,,,1.091,"weapons 81 pctl, pass protection 79 pctl"
00-0034855,Baker Mayfield,QB,TB,31.4,1.03,97.5,0.0,0.0,3.4,3.36,5.57,14.5,16.68,241.8,0.0,0.1,0.0,275.6,1.2,3231.8,24.6,10.3,False,True,34,,,,0.99,"weapons 28 pctl, pass protection 81 pctl"
00-0039040,De'Von Achane,RB,MIA,24.9,1.05,71.3,17.7,5.0,13.8,5.96,5.16,15.0,15.99,239.9,60.7,447.7,3.4,1066.2,6.3,0.1,0.0,0.0,False,True,33,,,,0.999,OL by his own gap mix: 52 pctl (L39/M16/R45 split) + team pass game 45 pctl
00-0037248,James Cook,RB,BUF,26.9,0.97,54.4,8.1,2.3,15.0,6.56,5.03,15.0,15.97,239.5,30.1,245.5,1.3,1249.0,11.2,0.1,0.0,0.0,False,True,33,,,,1.107,OL by his own gap mix: 86 pctl (L34/M29/R37 split) + team pass game 84 pctl
00-0036355,Justin Herbert,QB,LAC,28.5,1.05,97.1,0.0,0.0,4.9,3.36,5.05,15.5,15.03,232.9,0.0,0.1,0.0,335.1,2.3,3069.8,20.4,9.4,False,True,33,,,,0.881,"weapons 9 pctl, pass protection 12 pctl"
00-0038543,Jaxon Smith-Njigba,WR,SEA,24.5,1.04,80.1,32.9,8.8,0.4,9.93,4.94,15.5,15.01,232.7,97.5,1352.8,7.5,27.7,0.1,8.2,0.0,0.0,False,True,34,,,,1.0,
00-0036963,Amon-Ra St. Brown,WR,DET,26.9,1.05,86.2,30.2,9.3,0.2,8.26,4.8,15.5,14.88,230.7,101.0,1186.8,9.8,12.7,0.1,1.7,0.2,0.0,False,True,34,,,,1.0,
00-0039150,Bryce Young,QB,CAR,25.1,1.02,94.0,0.0,0.0,3.4,3.36,4.29,15.5,14.76,228.8,0.0,0.1,0.0,237.2,3.1,3012.7,21.6,10.2,False,True,30,,,,1.053,"weapons 78 pctl, pass protection 48 pctl"
00-0036264,Jordan Love,QB,GB,27.8,1.05,93.5,0.0,0.0,3.0,3.36,4.08,15.5,14.72,228.2,0.0,0.1,0.0,179.6,1.0,3255.8,22.5,8.0,False,True,30,,,,0.957,"weapons 25 pctl, pass protection 56 pctl"
00-0037840,Kyren Williams,RB,LA,26.0,1.02,73.5,8.0,2.8,15.6,5.42,4.53,15.0,15.03,225.5,33.3,238.1,2.1,1124.8,10.0,0.1,0.0,0.0,False,True,33,,,,1.06,OL by his own gap mix: 60 pctl (L28/M36/R36 split) + team pass game 94 pctl
00-0036945,Justin Fields,QB,KC,27.5,1.05,80.7,0.3,0.1,6.7,3.26,4.77,15.5,13.61,211.0,0.8,3.1,0.2,476.9,5.6,2146.1,12.2,3.4,True,True,19,,,,0.958,"weapons 38 pctl, pass protection 33 pctl"
00-0035228,Kyler Murray,QB,MIN,29.1,1.05,97.8,0.0,0.0,5.0,3.36,5.54,15.0,13.93,208.9,0.0,0.2,0.0,363.4,2.8,2737.3,16.2,9.3,True,True,22,,,,0.879,"weapons 12 pctl, pass protection 4 pctl"
00-0039376,Spencer Rattler,QB,NO,25.9,1.04,83.4,0.6,0.1,3.6,3.17,4.78,15.0,13.81,207.1,1.9,7.3,0.4,284.8,0.5,3163.8,16.0,9.5,False,True,15,,,,1.089,"weapons 94 pctl, pass protection 54 pctl"
00-0037238,Drake London,WR,ATL,25.1,1.06,90.3,29.2,9.0,0.1,8.06,4.86,15.5,13.3,206.1,86.2,1127.6,8.3,3.9,0.0,0.1,0.0,0.0,False,True,29,,,,1.0,
00-0039917,Michael Penix Jr.,QB,ATL,26.3,1.04,,0.0,0.0,2.7,3.36,3.85,15.5,13.25,205.4,0.1,0.3,0.0,158.2,2.5,3126.6,15.8,6.9,False,True,14,,,,0.998,"weapons 34 pctl, pass protection 77 pctl"
00-0033119,Jacoby Brissett,QB,ARI,33.7,0.96,82.7,0.0,0.0,2.8,3.36,4.21,13.5,15.13,204.2,0.0,0.2,0.0,157.3,1.6,2946.6,18.9,7.3,False,True,20,,,,0.981,"weapons 53 pctl, pass protection 26 pctl"
00-0038597,Chase Brown,RB,CIN,26.4,1.02,65.5,13.3,4.5,13.3,5.21,4.34,15.0,13.54,203.1,53.9,355.9,3.3,871.7,5.6,0.1,0.0,0.0,False,True,33,,,,1.007,OL by his own gap mix: 61 pctl (L38/M24/R38 split) + team pass game 33 pctl
00-0036972,Mac Jones,QB,SF,28.0,1.05,75.9,0.0,0.0,3.4,3.36,3.24,15.5,12.97,201.1,0.0,0.2,0.0,178.4,1.2,3061.7,18.1,9.4,False,True,21,,,,1.051,"weapons 62 pctl, pass protection 75 pctl"
00-0037247,George Pickens,WR,DAL,25.5,1.06,80.9,23.6,7.8,0.1,9.64,4.81,15.5,12.96,200.9,78.1,1163.2,7.5,4.8,0.0,0.1,0.0,0.0,False,True,31,,,,1.0,
00-0036212,Tua Tagovailoa,QB,ATL,28.5,1.05,95.9,0.0,0.0,1.9,3.36,3.6,15.5,12.95,200.8,0.0,0.2,0.0,108.0,0.2,3158.6,22.5,13.8,True,True,25,,,,0.998,"weapons 34 pctl, pass protection 77 pctl"
00-0037744,Trey McBride,TE,ARI,26.8,1.06,90.9,28.1,9.3,0.0,7.38,2.74,15.0,13.35,200.3,103.6,1027.9,7.6,1.2,0.0,0.1,0.0,0.0,False,True,33,,,,1.0,
00-0040676,Cam Ward,QB,TEN,24.3,1.0,94.6,0.0,0.0,2.6,3.36,4.09,15.5,12.85,199.2,0.1,0.2,0.0,173.0,1.9,3036.8,15.8,7.1,False,True,17,,,,1.047,"weapons 88 pctl, pass protection 25 pctl"
00-0036358,CeeDee Lamb,WR,DAL,27.4,1.05,75.3,26.1,9.0,0.3,8.56,4.88,15.5,12.85,199.2,89.5,1188.1,5.4,26.1,0.1,0.1,0.0,0.0,False,True,28,,,,1.0,
00-0036679,Shane Buechele,QB,BUF,28.6,1.05,45.0,0.0,0.0,3.3,3.36,4.1,15.0,13.05,195.8,0.2,0.7,0.0,212.0,2.1,2751.5,16.7,7.5,False,True,1,,,,1.05,"weapons 69 pctl, pass protection 62 pctl"
00-0036997,Javonte Williams,RB,DAL,26.4,1.02,63.7,9.9,3.3,12.9,4.1,4.5,15.0,12.95,194.2,38.2,216.2,1.9,917.0,8.4,0.1,0.0,0.0,False,True,33,,,,1.054,OL by his own gap mix: 59 pctl (L39/M31/R31 split) + team pass game 88 pctl
00-0039067,Rashee Rice,WR,KC,26.4,1.06,72.8,28.4,8.4,0.5,7.65,4.84,15.0,12.73,191.0,85.1,964.1,7.9,34.0,0.2,0.2,0.0,0.0,False,True,11,,,,1.0,
00-0031503,Jameis Winston,QB,NYG,32.7,0.99,61.2,0.3,0.1,2.9,4.59,3.88,13.0,14.48,188.3,1.2,6.8,0.3,155.7,1.9,2931.2,16.2,11.9,False,True,13,,,,1.073,"weapons 100 pctl, pass protection 26 pctl"
00-0036554,Nico Collins,WR,HOU,27.5,1.03,74.4,24.3,7.7,0.1,9.2,4.99,15.5,12.14,188.1,73.2,1091.7,6.8,9.1,0.1,0.1,0.0,0.0,False,True,27,,,,1.0,
00-0037077,Sam Howell,QB,DAL,26.0,1.04,21.5,0.0,0.0,3.2,3.36,4.08,15.0,12.51,187.7,0.2,0.7,0.0,211.0,2.1,2634.9,16.9,9.6,True,True,1,,,,1.061,"weapons 72 pctl, pass protection 67 pctl"
00-0038658,Adrian Martinez,QB,SF,26.7,1.05,2.0,0.0,0.0,3.3,3.36,4.05,15.0,12.51,187.7,0.2,0.7,0.0,209.4,2.1,2555.9,16.7,7.5,False,True,1,,,,1.051,"weapons 62 pctl, pass protection 75 pctl"
00-0039152,Will Levis,QB,TEN,27.2,1.05,85.2,0.0,0.0,3.8,3.36,4.09,15.0,12.43,186.4,0.1,0.3,0.0,246.9,0.6,2814.7,17.8,12.9,False,True,12,,,,1.047,"weapons 88 pctl, pass protection 25 pctl"
00-0033280,Christian McCaffrey,RB,SF,30.2,0.73,82.1,22.9,4.5,11.5,6.83,3.94,14.0,13.19,184.6,50.2,437.1,3.2,642.2,5.4,0.1,0.0,0.0,False,True,21,,,,1.015,OL by his own gap mix: 44 pctl (L35/M24/R41 split) + team pass game 81 pctl
00-0023459,Aaron Rodgers,QB,PIT,42.7,0.58,95.9,0.1,0.0,1.0,2.99,3.91,13.5,13.67,184.5,0.2,0.9,0.1,48.8,0.7,2756.5,19.6,7.0,False,True,33,,,,0.97,"weapons 19 pctl, pass protection 79 pctl"
00-0037239,Chris Olave,WR,NO,26.2,1.06,80.3,27.5,8.6,0.1,7.62,4.82,15.5,11.9,184.5,86.0,1017.1,6.7,7.5,0.0,0.1,0.0,0.6,False,True,24,,,,1.0,
00-0026158,Joe Flacco,QB,CIN,41.6,0.58,79.2,0.0,0.0,1.2,3.36,3.53,13.5,13.65,184.3,0.0,0.1,0.0,60.0,1.4,2922.0,18.4,10.3,False,True,20,,,,1.087,"weapons 91 pctl, pass protection 58 pctl"
00-0036898,Davis Mills,QB,HOU,27.9,1.05,63.3,0.0,0.0,2.7,3.36,4.17,15.0,12.27,184.0,0.1,0.3,0.0,184.2,2.0,2593.7,14.8,4.7,False,True,9,,,,1.091,"weapons 81 pctl, pass protection 79 pctl"
00-0036410,Tee Higgins,WR,CIN,27.6,1.03,80.4,20.3,6.9,0.0,8.36,4.91,15.5,11.75,182.1,66.7,896.5,9.8,2.6,0.0,0.1,0.0,0.0,False,True,27,,,,1.0,
00-0035700,Josh Jacobs,RB,GB,28.6,0.82,60.5,9.8,2.2,12.4,6.43,4.14,15.0,12.13,182.0,27.9,223.2,0.8,803.0,10.1,0.1,0.0,0.0,False,True,32,,,,1.047,OL by his own gap mix: 52 pctl (L35/M29/R35 split) + team pass game 97 pctl
00-0038108,Bailey Zappe,QB,NYJ,27.4,1.05,90.0,0.0,0.0,3.4,3.36,4.04,15.0,12.1,181.5,0.2,0.7,0.0,195.7,2.0,2634.0,17.0,11.8,True,True,1,,,,0.942,"weapons 41 pctl, pass protection 12 pctl"
00-0039337,Malik Nabers,WR,NYG,23.1,1.0,86.3,32.4,9.0,0.2,7.35,4.72,15.0,12.03,180.4,81.1,988.4,6.5,14.2,0.1,0.1,0.0,0.0,False,True,19,,,,1.0,
00-0039361,Bucky Irving,RB,TB,24.0,1.05,54.4,10.0,3.3,14.7,7.04,4.1,15.0,12.02,180.3,40.9,343.1,1.9,901.4,4.0,0.1,0.0,0.0,False,True,27,,,,1.0,OL by his own gap mix: 57 pctl (L43/M26/R31 split) + team pass game 33 pctl
00-0032268,Marcus Mariota,QB,WAS,32.8,0.99,71.9,0.0,0.0,4.6,3.36,4.84,13.5,13.33,180.0,0.1,0.2,0.0,295.7,2.6,2309.7,14.7,8.2,False,True,13,,,,0.995,"weapons 47 pctl, pass protection 51 pctl"
00-0038128,Malik Willis,QB,MIA,27.3,1.05,43.7,0.0,0.0,4.6,3.36,4.72,15.0,11.87,178.1,0.1,0.3,0.0,309.5,3.7,1995.7,13.0,3.5,True,True,9,,,,0.951,"weapons 22 pctl, pass protection 56 pctl"
00-0038476,Tommy DeVito,QB,NE,28.1,1.05,48.7,0.0,0.0,3.8,3.36,4.09,15.0,11.87,178.1,0.2,0.6,0.0,226.6,2.1,2541.9,13.5,6.5,False,True,2,,,,0.974,"weapons 44 pctl, pass protection 36 pctl"
00-0036322,Justin Jefferson,WR,MIN,27.2,1.05,93.9,30.5,8.3,0.1,8.15,4.86,15.5,11.45,177.5,79.9,1052.4,5.2,8.9,0.0,5.2,0.0,0.0,False,True,34,,,,1.0,
00-0040715,Cam Skattebo,RB,NYG,24.6,1.05,52.2,12.9,3.4,11.5,5.95,4.12,14.5,12.19,176.7,38.2,299.0,1.4,706.8,8.1,0.2,0.0,0.0,False,True,8,,,,1.034,OL by his own gap mix: 68 pctl (L34/M34/R33 split) + team pass game 45 pctl
00-0037013,Zach Wilson,QB,NO,27.1,1.05,11.2,0.0,0.0,3.1,3.36,3.98,15.0,11.73,175.9,0.2,0.7,0.0,203.8,2.1,2382.7,15.1,6.5,True,True,2,,,,1.089,"weapons 94 pctl, pass protection 54 pctl"
00-0036275,D'Andre Swift,RB,CHI,27.6,0.9,60.7,9.6,2.6,12.0,6.29,4.47,15.0,11.71,175.6,32.1,269.3,0.4,888.1,6.9,0.1,0.0,0.0,False,True,33,,,,1.102,OL by his own gap mix: 89 pctl (L29/M13/R58 split) + team pass game 72 pctl
00-0035676,A.J. Brown,WR,NE,29.2,1.0,89.6,30.1,7.3,0.0,8.77,4.91,15.5,11.33,175.6,73.7,995.3,6.5,2.4,0.0,0.1,0.0,0.0,True,True,28,,,,1.0,
00-0040666,Omarion Hampton,RB,LAC,23.5,1.05,63.4,11.8,3.3,12.3,5.54,4.31,15.0,11.68,175.2,42.1,281.0,1.1,804.5,6.5,0.2,0.0,0.0,False,True,9,,,,1.013,OL by his own gap mix: 68 pctl (L44/M22/R35 split) + team pass game 22 pctl
00-0039577,Kedon Slovis,QB,ARI,25.4,1.02,3.0,0.0,0.0,3.0,3.36,4.1,15.0,11.51,172.6,0.2,0.7,0.0,183.6,1.9,2381.6,15.6,7.5,False,True,1,,,,0.981,"weapons 53 pctl, pass protection 26 pctl"
00-0033537,Deshaun Watson,QB,CLE,31.0,1.03,88.9,0.0,0.0,4.1,3.36,4.27,14.0,12.21,171.0,0.1,0.4,0.0,236.7,2.5,2365.1,12.9,7.0,False,True,7,,,,0.962,"weapons 50 pctl, pass protection 14 pctl"
00-0039064,Zay Flowers,WR,BAL,26.0,1.06,82.9,28.5,7.0,0.5,9.55,5.14,15.5,11.02,170.8,74.2,1029.3,4.1,43.3,0.3,0.1,0.0,0.0,False,True,34,,,,1.0,
00-0040734,TreVeyon Henderson,RB,NE,23.9,1.05,45.9,8.4,2.5,10.6,5.43,4.77,15.0,11.34,170.1,32.1,218.3,1.3,812.5,7.2,0.1,0.0,0.0,False,True,17,,,,1.074,OL by his own gap mix: 64 pctl (L42/M23/R35 split) + team pass game 100 pctl
00-0040704,Dillon Gabriel,QB,CLE,25.7,1.04,56.2,0.0,0.0,2.8,3.36,4.38,15.0,11.34,170.1,0.1,0.4,0.0,176.2,1.5,2299.9,16.0,6.3,False,True,7,,,,0.962,"weapons 50 pctl, pass protection 14 pctl"
00-0039164,Anthony Richardson,QB,IND,24.3,1.0,68.4,0.7,0.2,5.3,3.52,4.62,15.0,11.27,169.1,1.8,7.5,0.4,346.8,4.9,1995.3,10.6,10.6,False,True,13,,,,0.951,"weapons 16 pctl, pass protection 68 pctl"
00-0038400,Tanner McKee,QB,PHI,26.3,1.04,40.1,0.0,0.0,2.9,3.36,3.69,15.0,11.27,169.0,0.1,0.4,0.0,179.4,1.8,2300.1,15.0,5.9,False,True,6,,,,1.119,"weapons 97 pctl, pass protection 76 pctl"
00-0040234,Quinn Ewers,QB,MIA,23.5,1.0,79.0,1.1,0.1,2.9,3.16,3.96,15.0,11.26,168.9,1.2,4.9,0.3,163.2,1.6,2506.3,14.8,9.7,False,True,4,,,,0.951,"weapons 22 pctl, pass protection 56 pctl"
PRI206342,Jadarian Price,RB,SEA,,1.0,,,0.0,0.0,0.0,0.0,13.0,12.92,168.0,34.2,199.0,0.9,896.2,6.0,0.0,0.0,0.0,False,True,0,True,32.0,Rest of Rd 1,0.998,OL by his own gap mix: 37 pctl (L36/M27/R37 split) + team pass game 78 pctl
MEN516487,Fernando Mendoza,QB,LV,,1.0,,,0.0,0.0,0.0,0.0,14.0,11.98,167.7,0.0,0.0,0.0,196.7,2.1,2626.3,12.6,10.0,False,True,0,True,1.0,Top 10,0.971,"weapons 56 pctl, pass protection 11 pctl"
00-0037240,Jameson Williams,WR,DET,25.4,1.06,87.3,18.6,6.1,0.4,10.32,4.72,15.5,10.82,167.7,60.3,982.9,5.8,32.1,0.2,0.1,0.0,0.0,False,True,32,,,,1.0,
00-0040206,Riley Leonard,QB,IND,24.0,1.0,39.4,0.0,0.0,3.0,3.36,4.13,15.0,11.18,167.7,0.1,0.5,0.0,175.8,2.3,2456.6,14.9,10.8,False,True,3,,,,0.951,"weapons 16 pctl, pass protection 68 pctl"
00-0038120,Breece Hall,RB,NYJ,25.3,1.05,66.8,11.6,3.5,14.3,6.53,4.31,15.0,11.13,167.0,36.3,314.7,1.4,855.1,3.5,2.1,0.6,0.0,False,True,32,,,,0.926,OL by his own gap mix: 29 pctl (L44/M25/R31 split) + team pass game 16 pctl
00-0039923,J.J. McCarthy,QB,MIN,23.6,1.0,91.6,0.0,0.0,3.6,3.36,4.33,15.5,10.75,166.7,0.1,0.3,0.0,213.5,3.1,2356.1,15.6,15.0,False,True,10,,,,0.879,"weapons 12 pctl, pass protection 4 pctl"
00-0038134,Kenneth Walker III,RB,KC,25.9,1.02,50.4,9.4,2.7,12.6,6.46,4.39,15.0,11.03,165.5,33.5,262.0,0.7,847.9,5.6,0.1,0.0,0.0,True,True,28,,,,1.019,OL by his own gap mix: 55 pctl (L43/M21/R35 split) + team pass game 59 pctl
00-0037740,Garrett Wilson,WR,NYJ,26.1,1.06,91.7,30.5,8.4,0.1,7.08,4.87,15.0,11.02,165.3,79.5,888.6,6.0,6.5,0.0,0.1,0.0,0.0,False,True,24,,,,1.0,
00-0038579,Aidan O'Connell,QB,LV,28.0,1.05,72.9,0.0,0.0,2.7,3.36,3.71,15.0,11.02,165.3,0.1,0.3,0.0,147.0,1.7,2519.1,13.2,6.6,False,True,10,,,,0.971,"weapons 56 pctl, pass protection 11 pctl"
00-0030565,Geno Smith,QB,NYJ,35.9,0.87,96.8,0.0,0.0,2.6,3.36,3.82,13.5,12.1,163.4,0.0,0.1,0.0,124.9,0.8,2723.1,15.9,13.2,True,True,32,,,,0.942,"weapons 41 pctl, pass protection 12 pctl"
00-0040668,Shedeur Sanders,QB,CLE,24.6,1.02,91.6,0.0,0.0,3.1,3.36,4.85,15.0,10.89,163.3,0.1,0.3,0.0,213.5,1.2,2612.8,14.8,14.5,False,True,8,,,,0.962,"weapons 50 pctl, pass protection 14 pctl"
00-0038544,Quentin Johnston,WR,LAC,25.0,1.06,74.9,20.3,6.4,0.2,8.28,4.81,15.5,10.37,160.8,60.2,819.4,7.8,13.5,0.1,0.1,0.0,0.0,False,True,28,,,,1.0,
00-0034844,Saquon Barkley,RB,PHI,29.6,0.73,76.8,12.0,2.1,12.5,5.68,4.61,15.0,10.55,158.3,23.8,180.2,1.2,876.2,5.6,0.1,0.0,0.0,False,True,32,,,,1.014,OL by his own gap mix: 52 pctl (L38/M21/R41 split) + team pass game 62 pctl
00-0039915,Ladd McConkey,WR,LAC,24.8,1.06,76.2,22.1,6.8,0.0,8.19,4.91,15.5,10.06,155.9,68.3,861.6,5.9,2.3,0.0,0.1,0.0,0.0,False,True,32,,,,1.0,
00-0038117,Wan'Dale Robinson,WR,TEN,25.7,1.06,86.1,28.6,8.5,0.2,6.71,4.79,15.5,9.95,154.3,85.6,878.9,3.6,14.4,0.1,0.1,0.0,0.0,True,True,33,,,,1.0,
00-0029604,Kirk Cousins,QB,LV,38.0,0.74,90.5,0.0,0.0,1.4,3.36,3.02,13.5,11.4,153.9,0.0,0.1,0.0,55.3,0.6,2609.3,14.9,9.6,True,True,24,,,,0.971,"weapons 56 pctl, pass protection 11 pctl"
00-0038550,Hendon Hooker,QB,TEN,28.6,1.05,16.3,0.0,0.0,3.0,3.36,3.91,15.0,10.24,153.6,0.1,0.6,0.0,185.2,1.9,2088.6,12.9,5.8,True,True,3,,,,1.047,"weapons 88 pctl, pass protection 25 pctl"
00-0040673,Jalen Milroe,QB,SEA,23.7,1.0,2.0,0.0,0.0,2.7,3.36,4.01,15.0,10.24,153.6,0.1,0.5,0.0,174.9,1.8,2071.2,13.5,5.8,False,True,3,,,,1.095,"weapons 84 pctl, pass protection 77 pctl"
00-0039398,Joe Milton III,QB,DAL,26.5,1.04,,0.0,0.0,3.0,3.36,4.31,15.0,10.2,153.0,0.1,0.5,0.0,203.5,1.9,2109.7,13.1,7.8,False,True,5,,,,1.061,"weapons 72 pctl, pass protection 67 pctl"
00-0037664,Alec Pierce,WR,IND,26.3,1.06,84.1,16.7,5.4,0.0,10.99,4.91,15.5,9.85,152.7,47.5,920.8,6.1,2.4,0.0,0.1,0.0,0.0,False,True,31,,,,1.0,
00-0036158,J.K. Dobbins,RB,DEN,27.7,0.9,55.5,6.7,1.8,12.4,4.49,4.76,15.0,10.16,152.4,21.7,123.5,0.2,913.6,6.1,0.1,0.0,0.0,False,True,23,,,,1.029,OL by his own gap mix: 53 pctl (L35/M17/R48 split) + team pass game 75 pctl
00-0039893,Brian Thomas Jr.,WR,JAX,23.9,1.04,,21.4,6.8,0.3,8.33,5.12,15.5,9.83,152.4,61.8,882.8,5.1,20.5,0.1,0.1,0.0,0.0,False,True,31,,,,1.0,
00-0036912,DeVonta Smith,WR,PHI,27.8,1.03,85.4,25.4,6.5,0.0,8.77,4.89,15.5,9.82,152.2,69.6,888.3,4.7,3.6,0.0,0.1,0.0,0.0,False,True,30,,,,1.0,
00-0039165,Zach Charbonnet,RB,SEA,25.6,1.02,49.7,6.5,2.0,10.3,5.98,4.06,15.0,10.13,151.9,24.3,182.0,0.5,621.8,9.4,0.1,0.0,0.0,False,True,33,,,,0.99,OL by his own gap mix: 33 pctl (L38/M34/R28 split) + team pass game 78 pctl
00-0040730,RJ Harvey,RB,DEN,25.6,1.02,42.1,10.2,3.1,8.8,5.89,3.88,15.0,10.09,151.4,38.8,289.1,2.7,532.6,5.6,0.1,0.0,0.0,False,True,17,,,,1.043,OL by his own gap mix: 60 pctl (L42/M22/R36 split) + team pass game 75 pctl
00-0039338,Brock Bowers,TE,LV,23.7,0.95,85.5,24.2,6.8,0.2,7.69,2.69,15.0,10.08,151.2,74.3,778.6,5.8,7.4,0.1,0.1,0.0,0.0,False,True,29,,,,1.0,
00-0036875,Rhamondre Stevenson,RB,NE,28.5,0.9,60.0,9.6,2.3,9.3,6.88,4.29,15.0,10.07,151.0,30.2,254.2,1.5,637.1,6.3,0.1,0.0,0.0,False,True,29,,,,1.062,OL by his own gap mix: 58 pctl (L35/M31/R34 split) + team pass game 100 pctl
00-0035640,DK Metcalf,WR,PIT,28.7,1.0,,21.9,6.4,0.1,8.56,4.94,15.5,9.69,150.2,60.0,851.5,5.6,8.3,0.1,0.1,0.0,0.0,False,True,30,,,,1.0,
TAT143045,Carnell Tate,WR,TEN,,1.0,,,0.0,0.0,0.0,0.0,16.0,9.32,149.1,64.5,868.6,5.0,0.0,0.0,0.0,0.0,0.0,False,True,0,True,4.0,Top 10,1.0,
00-0040122,Ashton Jeanty,RB,LV,22.7,1.03,77.9,14.8,3.8,14.2,5.06,3.8,15.0,9.91,148.6,38.0,254.0,1.9,706.4,3.7,0.1,0.0,0.0,False,True,17,,,,0.872,OL by his own gap mix: 5 pctl (L37/M28/R35 split) + team pass game 12 pctl
00-0037327,Skylar Thompson,QB,BAL,29.2,1.05,29.3,0.0,0.0,2.9,3.36,4.1,15.0,9.89,148.3,0.2,0.5,0.0,155.4,1.6,2181.2,12.2,6.5,True,True,2,,,,0.88,"weapons 3 pctl, pass protection 23 pctl"
00-0036139,Rico Dowdle,RB,PIT,28.2,0.9,56.5,10.1,2.6,11.9,5.65,4.51,15.0,9.89,148.3,30.4,220.9,1.1,821.6,3.7,0.1,0.0,0.0,True,True,33,,,,1.018,OL by his own gap mix: 57 pctl (L37/M34/R29 split) + team pass game 53 pctl
00-0036259,Jauan Jennings,WR,MIN,29.1,1.0,79.8,21.5,6.2,0.0,7.65,4.91,15.5,9.53,147.7,60.3,729.1,7.4,2.3,0.0,0.1,0.0,0.0,True,True,30,,,,1.0,
00-0035100,Jake Browning,QB,TB,30.4,1.04,63.0,0.0,0.0,2.6,3.36,4.08,14.0,10.46,146.5,0.1,0.4,0.0,147.6,1.7,2192.4,15.5,14.1,True,True,7,,,,0.99,"weapons 28 pctl, pass protection 81 pctl"
00-0038559,Michael Wilson,WR,ARI,26.5,1.06,80.8,17.9,6.6,0.0,7.87,4.93,15.5,9.45,146.4,64.3,809.2,5.5,3.5,0.0,0.1,0.0,0.0,False,True,33,,,,1.0,
00-0037324,Chris Oladokun,QB,KC,29.0,1.05,67.2,0.0,0.0,2.9,3.36,4.08,15.0,9.75,146.2,0.1,0.5,0.0,167.4,1.6,2024.8,12.3,5.2,False,True,4,,,,0.958,"weapons 38 pctl, pass protection 33 pctl"
00-0035993,Tyler Huntley,QB,BAL,28.6,1.05,69.6,0.0,0.0,4.6,3.36,4.75,15.0,9.73,145.9,0.1,0.3,0.0,288.6,2.3,1838.7,9.9,5.0,False,True,10,,,,0.88,"weapons 3 pctl, pass protection 23 pctl"
00-0035704,Drew Lock,QB,SEA,29.8,1.04,39.1,0.0,0.0,2.8,3.36,4.04,15.0,9.69,145.4,0.1,0.3,0.0,188.6,2.1,1976.0,12.0,6.6,False,True,10,,,,1.095,"weapons 84 pctl, pass protection 77 pctl"
00-0032950,Carson Wentz,QB,MIN,33.7,0.96,84.3,0.0,0.0,2.6,3.36,4.18,13.0,11.12,144.5,0.1,0.3,0.0,125.3,1.1,2328.1,12.8,9.5,False,True,7,,,,0.879,"weapons 12 pctl, pass protection 4 pctl"
00-0038124,Christian Watson,WR,GB,27.3,1.05,64.5,18.2,5.0,0.2,10.25,4.9,15.5,9.32,144.5,47.9,801.9,6.4,13.7,0.1,0.1,0.0,0.0,False,True,24,,,,1.0,
00-0040398,Brady Cook,QB,NYJ,24.9,1.02,98.0,0.0,0.0,3.1,3.36,4.06,15.0,9.63,144.4,0.1,0.4,0.0,180.2,1.7,2407.1,12.1,14.3,False,True,5,,,,0.942,"weapons 41 pctl, pass protection 12 pctl"
00-0040124,Tetairoa McMillan,WR,CAR,23.4,1.0,87.2,25.7,6.5,0.0,8.11,4.91,15.5,9.3,144.1,59.0,818.2,5.4,3.6,0.0,0.1,0.0,0.0,False,True,17,,,,1.0,
00-0039919,Rome Odunze,WR,CHI,24.2,1.04,86.4,21.9,6.8,0.1,7.37,4.91,15.5,9.29,144.0,55.1,773.8,6.4,6.8,0.0,0.1,0.0,0.0,False,True,29,,,,1.0,
00-0039849,Marvin Harrison Jr.,WR,ARI,24.1,1.04,74.0,19.8,6.3,0.0,7.95,4.91,15.5,9.28,143.9,55.1,777.2,6.4,2.5,0.0,0.1,0.0,0.0,False,True,29,,,,1.0,
00-0040129,Emeka Egbuka,WR,TB,23.9,1.04,77.6,23.6,7.0,0.1,7.44,4.9,15.5,9.28,143.9,57.2,805.9,5.5,10.6,0.1,0.1,0.0,0.0,False,True,17,,,,1.0,
00-0040784,Quinshon Judkins,RB,CLE,22.8,1.03,50.5,8.3,2.5,14.5,5.21,3.76,15.0,9.57,143.5,26.2,182.6,0.1,761.8,5.9,0.1,0.0,0.0,False,True,14,,,,0.931,OL by his own gap mix: 37 pctl (L25/M31/R44 split) + team pass game 3 pctl
00-0035264,Jarrett Stidham,QB,DEN,30.1,1.04,6.3,0.0,0.0,2.9,3.36,3.93,14.0,10.19,142.6,0.1,0.5,0.0,173.4,1.7,1904.9,12.4,5.4,False,True,3,,,,1.079,"weapons 66 pctl, pass protection 96 pctl"
TYS405541,Jordyn Tyson,WR,NO,,1.0,,,0.0,0.0,0.0,0.0,16.0,8.86,141.8,61.5,828.4,4.7,0.0,0.0,0.0,0.0,0.0,False,True,0,True,8.0,Top 10,1.0,
00-0037228,Jaylen Warren,RB,PIT,27.8,0.9,49.1,10.2,2.5,10.1,6.63,4.42,15.0,9.41,141.2,32.0,254.6,1.0,685.7,4.2,0.1,0.0,0.0,False,True,31,,,,1.025,OL by his own gap mix: 61 pctl (L41/M21/R38 split) + team pass game 53 pctl
00-0040236,Kyle Monangai,RB,CHI,24.2,1.05,40.9,5.7,2.0,10.1,5.53,4.48,15.0,9.34,140.1,22.6,178.0,0.7,744.2,5.4,0.1,0.0,0.0,False,True,17,,,,1.1,OL by his own gap mix: 88 pctl (L27/M20/R52 split) + team pass game 72 pctl
00-0032434,Brandon Allen,QB,NYG,34.0,0.96,65.6,0.0,0.0,2.4,3.36,4.04,13.0,10.77,140.0,0.1,0.4,0.0,138.0,1.4,2152.8,12.6,9.4,True,True,3,,,,1.073,"weapons 100 pctl, pass protection 26 pctl"
00-0038994,Jordan Addison,WR,MIN,24.6,1.06,84.1,19.2,6.1,0.2,8.0,6.01,15.5,9.03,139.9,54.3,751.3,5.9,16.2,0.1,0.1,0.0,0.0,False,True,29,,,,1.0,
00-0036613,Jaylen Waddle,WR,DEN,27.8,1.03,77.9,21.3,6.0,0.2,8.78,5.13,15.5,8.99,139.4,60.1,814.3,4.3,13.8,0.1,4.7,0.0,0.0,True,True,31,,,,1.0,
00-0034577,Kyle Allen,QB,BUF,30.5,1.04,7.4,0.0,0.0,2.8,3.36,3.9,14.0,9.93,139.0,0.1,0.5,0.0,162.9,1.7,1870.2,12.1,5.4,True,True,3,,,,1.05,"weapons 69 pctl, pass protection 62 pctl"
00-0039384,Tyrone Tracy Jr.,RB,NYG,26.8,0.97,55.4,10.3,2.9,10.8,5.73,4.24,15.0,9.21,138.1,33.9,259.9,1.3,711.8,2.7,0.1,0.0,0.0,False,True,32,,,,1.037,OL by his own gap mix: 70 pctl (L45/M17/R38 split) + team pass game 45 pctl
00-0036973,Travis Etienne,RB,NO,27.6,0.9,58.4,10.1,2.7,11.7,5.45,4.16,15.0,9.18,137.7,27.0,202.1,2.1,667.5,4.1,0.1,0.0,0.0,True,True,32,,,,0.914,OL by his own gap mix: 22 pctl (L36/M35/R28 split) + team pass game 19 pctl
00-0034827,DJ Moore,WR,BUF,29.4,1.0,,19.4,5.8,0.8,7.56,5.01,15.5,8.86,137.3,56.4,675.8,5.3,59.1,0.3,1.2,0.5,0.0,True,True,34,,,,1.0,
00-0037157,Bam Knight,RB,ARI,25.4,1.05,,6.3,2.9,8.8,5.41,3.75,15.0,9.15,137.2,30.9,224.6,1.6,476.5,7.0,0.2,0.0,0.0,False,True,10,,,,0.965,OL by his own gap mix: 33 pctl (L38/M23/R39 split) + team pass game 50 pctl
00-0034960,Jakobi Meyers,WR,JAX,29.8,0.95,86.9,23.5,6.6,0.2,7.69,4.83,15.5,8.77,135.9,68.2,784.0,3.5,17.6,0.1,0.1,0.0,0.0,False,True,31,,,,1.0,
00-0034348,Courtland Sutton,WR,DEN,30.9,0.89,85.3,22.5,6.4,0.0,8.05,4.91,14.5,9.37,135.8,55.5,744.1,5.4,1.8,0.0,6.7,0.2,0.0,False,True,33,,,,1.0,
00-0034771,Mason Rudolph,QB,PIT,31.1,1.03,57.3,0.0,0.0,2.8,3.36,3.81,14.0,9.69,135.7,0.1,0.3,0.0,146.7,1.5,2033.1,12.7,10.1,False,True,12,,,,0.97,"weapons 19 pctl, pass protection 79 pctl"
00-0037816,Romeo Doubs,WR,NE,26.4,1.06,77.5,19.1,5.6,0.0,8.27,4.91,15.5,8.75,135.6,55.0,712.1,6.1,2.5,0.0,0.1,0.0,0.0,True,True,29,,,,1.0,
00-0038606,Parker Washington,WR,JAX,24.4,1.04,59.8,16.2,5.8,0.3,8.43,4.45,15.5,8.72,135.2,55.3,759.1,4.8,22.8,0.1,0.1,0.0,0.0,False,True,27,,,,1.0,
00-0027973,Andy Dalton,QB,PHI,38.8,0.66,53.0,0.0,0.0,1.5,3.36,3.72,13.0,10.33,134.3,0.0,0.2,0.0,83.6,0.8,2119.2,12.9,7.6,True,True,9,,,,1.119,"weapons 97 pctl, pass protection 76 pctl"
00-0028118,Tyrod Taylor,QB,GB,37.1,0.81,62.5,0.0,0.0,3.1,3.36,4.41,13.0,10.27,133.5,0.1,0.2,0.0,171.0,1.1,1869.0,13.1,8.7,True,True,8,,,,0.957,"weapons 25 pctl, pass protection 56 pctl"
00-0036555,Chuba Hubbard,RB,CAR,27.2,0.97,55.3,9.8,2.7,10.5,5.04,4.23,15.0,8.89,133.3,30.5,199.0,1.8,651.5,3.7,0.1,0.0,0.0,False,True,30,,,,0.979,OL by his own gap mix: 51 pctl (L36/M42/R22 split) + team pass game 25 pctl
00-0036252,Michael Pittman,WR,PIT,28.9,1.0,,22.0,6.3,0.0,7.21,4.91,15.5,8.58,133.0,66.6,707.2,4.8,2.1,0.0,0.1,0.0,0.0,True,True,33,,,,1.0,
00-0035659,Terry McLaurin,WR,WAS,31.0,0.89,74.6,23.3,5.4,0.1,9.14,4.85,14.5,9.03,131.0,51.1,713.7,5.6,4.6,0.0,0.1,0.0,0.0,False,True,27,,,,1.0,
00-0037261,Khalil Shakir,WR,BUF,26.6,1.05,60.2,21.7,6.2,0.1,7.73,4.88,15.5,8.42,130.5,70.2,742.0,3.4,7.8,0.0,0.1,0.0,0.0,False,True,31,,,,1.0,
00-0040242,Jacory Croskey-Merritt,RB,WAS,25.4,1.05,39.5,3.0,1.2,10.3,5.5,4.46,15.0,8.64,129.6,13.4,98.5,0.4,704.5,6.7,0.1,0.0,0.0,False,True,17,,,,1.018,OL by his own gap mix: 63 pctl (L34/M25/R41 split) + team pass game 41 pctl
00-0031237,Teddy Bridgewater,QB,DET,33.8,0.96,12.2,0.0,0.0,2.5,3.36,4.01,13.0,9.75,126.8,0.1,0.4,0.0,136.9,1.3,1780.8,11.0,5.0,True,True,3,,,,1.03,"weapons 75 pctl, pass protection 32 pctl"
00-0039065,Sam LaPorta,TE,DET,25.6,1.04,88.2,18.1,5.2,0.0,8.79,2.75,15.0,8.44,126.6,59.0,682.0,4.8,0.7,0.0,0.1,0.0,0.0,False,True,25,,,,1.0,
00-0038996,Tucker Kraft,TE,GB,25.8,1.04,85.9,17.1,4.8,0.1,9.65,2.73,14.5,8.7,126.1,49.6,665.7,5.6,5.6,0.1,0.1,0.0,0.0,False,True,25,,,,1.0,
00-0038977,Tank Dell,WR,HOU,26.8,1.05,68.9,18.3,5.7,0.5,8.0,4.9,15.0,8.4,126.0,53.4,684.4,4.3,38.9,0.2,0.2,0.0,0.0,False,True,14,,,,1.0,
00-0039391,Kimani Vidal,RB,LAC,25.0,1.05,48.0,4.8,1.8,10.9,5.88,4.12,15.0,8.35,125.2,20.2,161.5,1.4,677.0,3.8,0.1,0.0,0.0,False,True,21,,,,1.002,OL by his own gap mix: 63 pctl (L40/M35/R25 split) + team pass game 22 pctl
00-0039146,Jayden Reed,WR,GB,26.3,1.06,54.2,16.5,4.7,0.8,9.65,5.58,15.0,8.34,125.1,51.8,682.5,3.7,69.0,0.3,0.1,0.0,0.0,False,True,22,,,,1.0,
00-0036970,Kyle Pitts,TE,ATL,25.9,1.04,80.2,20.0,6.0,0.0,7.72,2.75,15.0,8.27,124.0,64.7,694.2,3.7,0.5,0.0,0.1,0.0,0.0,False,True,34,,,,1.0,
00-0039916,Ricky Pearsall,WR,SF,26.0,1.06,74.5,16.3,5.6,0.2,9.0,4.93,15.5,7.99,123.8,57.0,778.7,2.5,18.7,0.1,0.1,0.0,0.0,False,True,19,,,,1.0,
00-0040466,Raheim Sanders,RB,CLE,24.2,1.05,25.8,4.3,1.8,8.3,5.55,4.0,14.5,8.53,123.7,18.0,131.3,0.7,445.5,8.8,0.2,0.0,0.0,False,True,4,,,,0.929,OL by his own gap mix: 36 pctl (L26/M41/R33 split) + team pass game 3 pctl
00-0038997,Josh Downs,WR,IND,25.1,1.06,60.3,19.8,6.2,0.1,6.95,4.78,15.5,7.9,122.5,62.8,667.0,3.9,9.6,0.0,0.1,0.0,0.0,False,True,30,,,,1.0,
00-0038041,Jake Ferguson,TE,DAL,27.6,1.06,66.3,16.7,6.0,0.1,6.03,2.72,15.0,8.11,121.7,68.0,539.1,5.6,2.2,0.0,0.1,0.0,0.0,False,True,31,,,,1.0,
00-0035685,David Montgomery,RB,HOU,29.2,0.82,38.3,6.4,1.6,8.2,6.67,4.37,15.0,8.07,121.0,19.4,156.4,0.2,515.9,6.6,2.3,0.8,0.0,True,True,31,,,,0.957,OL by his own gap mix: 27 pctl (L25/M27/R48 split) + team pass game 56 pctl
SIM639376,Ty Simpson,QB,LA,,1.0,,,0.0,0.0,0.0,0.0,12.5,9.65,120.6,0.0,0.0,0.0,174.1,1.9,1778.8,8.7,7.1,False,True,0,True,13.0,Rest of Rd 1,1.052,"weapons 59 pctl, pass protection 82 pctl"
00-0040021,Phil Mafah,RB,DAL,23.9,1.05,18.0,8.7,2.2,8.5,5.57,4.15,14.5,8.28,120.1,26.3,189.5,1.0,543.5,4.6,0.3,0.0,0.0,False,True,1,,,,1.062,OL by his own gap mix: 63 pctl (L20/M40/R40 split) + team pass game 88 pctl
00-0040583,Woody Marks,RB,HOU,25.7,1.02,51.5,6.8,2.3,11.5,5.67,3.77,15.0,7.98,119.7,23.2,182.2,1.8,616.9,2.9,0.1,0.0,0.0,False,True,16,,,,0.949,OL by his own gap mix: 23 pctl (L38/M25/R37 split) + team pass game 56 pctl
00-0036407,Jerry Jeudy,WR,CLE,27.4,1.05,86.1,21.2,6.9,0.1,6.85,4.91,15.5,7.64,118.4,57.9,733.3,2.6,5.0,0.0,0.1,0.0,0.0,False,True,34,,,,1.0,
00-0026300,Josh Johnson,QB,CIN,40.3,0.58,34.9,0.0,0.0,1.8,3.36,4.09,13.0,9.04,117.5,0.0,0.2,0.0,106.4,1.2,1845.8,9.7,6.5,True,True,7,,,,1.087,"weapons 91 pctl, pass protection 58 pctl"
00-0038102,Kenny Pickett,QB,CAR,28.2,1.05,31.1,0.0,0.0,2.3,3.36,4.0,15.0,7.81,117.2,0.1,0.3,0.0,144.8,1.5,1636.5,10.4,6.7,True,True,9,,,,1.053,"weapons 78 pctl, pass protection 48 pctl"
00-0033921,Chris Godwin Jr.,WR,TB,30.5,0.95,,20.5,5.7,0.1,7.75,4.89,14.5,8.03,116.4,55.4,635.9,4.1,5.1,0.0,0.1,0.0,0.0,False,True,16,,,,1.0,
00-0038563,Tre Tucker,WR,LV,25.5,1.06,92.5,17.4,5.4,0.6,7.37,4.87,15.5,7.45,115.5,51.4,620.6,3.7,43.8,0.2,0.1,0.0,0.0,False,True,34,,,,1.0,
00-0031381,Davante Adams,WR,LA,33.7,0.66,77.5,26.5,5.3,0.0,7.2,4.91,13.5,8.54,115.3,40.1,513.2,7.3,1.4,0.0,0.1,0.0,0.0,False,True,28,,,,1.0,
00-0040128,Tyler Warren,TE,IND,24.3,0.95,83.8,21.5,5.5,0.3,7.16,2.66,15.0,7.65,114.7,56.6,588.8,4.2,10.7,0.2,0.1,0.0,0.0,False,True,17,,,,1.0,
00-0040648,Tory Horton,WR,SEA,23.8,1.04,48.1,10.6,4.0,0.1,7.49,4.91,15.0,7.63,114.4,36.2,446.3,8.5,6.4,0.0,0.2,0.0,0.0,False,True,7,,,,1.0,
00-0033869,Mitchell Trubisky,QB,TEN,32.0,1.01,26.1,0.0,0.0,2.6,3.36,3.26,13.0,8.77,114.0,0.1,0.2,0.0,117.6,1.3,1334.2,11.5,2.5,True,True,12,,,,1.047,"weapons 88 pctl, pass protection 25 pctl"
00-0038611,Chris Rodriguez Jr.,RB,JAX,26.9,0.97,,1.2,0.7,8.4,5.83,4.4,15.0,7.57,113.6,8.5,64.9,0.3,561.0,7.5,0.1,0.0,0.0,True,True,18,,,,1.009,OL by his own gap mix: 46 pctl (L42/M29/R29 split) + team pass game 69 pctl
00-0037256,Rachaad White,RB,WAS,27.6,0.9,52.6,9.1,2.5,7.5,5.57,4.28,15.0,7.55,113.2,32.3,211.3,1.4,477.1,3.3,0.1,0.0,0.0,True,True,32,,,,0.993,OL by his own gap mix: 50 pctl (L52/M23/R25 split) + team pass game 41 pctl
00-0035261,Tony Pollard,RB,TEN,29.3,0.82,64.0,8.9,2.2,11.4,5.0,4.34,15.0,7.55,113.2,22.9,148.6,0.2,676.4,3.0,0.1,0.0,0.0,False,True,33,,,,0.914,OL by his own gap mix: 28 pctl (L35/M28/R37 split) + team pass game 6 pctl
00-0037525,Jordan Mason,RB,MIN,27.3,0.97,44.2,3.6,1.2,10.0,4.99,4.72,15.0,7.53,113.0,13.8,86.4,0.2,680.9,4.7,0.1,0.0,0.0,False,True,28,,,,0.966,OL by his own gap mix: 51 pctl (L38/M26/R35 split) + team pass game 9 pctl
00-0039868,Troy Franklin,WR,DEN,23.6,1.04,53.2,16.1,5.4,0.2,6.71,4.72,15.5,7.29,113.0,51.1,562.6,4.8,17.9,0.1,0.1,0.0,0.0,False,True,33,,,,1.0,
00-0039894,Xavier Worthy,WR,KC,23.3,1.0,68.4,16.6,5.4,0.8,7.13,5.34,15.5,7.28,112.8,49.2,592.4,3.3,67.3,0.4,0.1,0.0,0.0,False,True,30,,,,1.0,
00-0039855,Jalen McMillan,WR,TB,24.7,1.06,62.7,12.3,4.5,0.3,8.71,5.03,15.0,7.52,112.8,45.4,592.4,4.7,20.5,0.1,0.1,0.0,0.0,False,True,17,,,,1.0,
00-0037545,Rashid Shaheed,WR,SEA,28.0,1.03,62.8,17.3,5.3,0.5,7.63,5.19,15.5,7.23,112.0,51.0,632.0,3.0,40.5,0.2,0.1,0.0,0.0,False,True,24,,,,1.0,
00-0035289,Gardner Minshew,QB,ARI,30.3,1.04,,0.0,0.0,2.3,3.36,3.64,14.0,7.99,111.8,0.1,0.2,0.0,116.3,1.1,1823.3,9.5,8.7,True,True,14,,,,0.981,"weapons 53 pctl, pass protection 26 pctl"
00-0038933,Dalton Kincaid,TE,BUF,26.9,1.06,43.6,16.6,4.7,0.0,8.68,2.75,15.0,7.43,111.4,49.8,606.4,4.3,0.7,0.0,0.1,0.0,0.0,False,True,25,,,,1.0,
00-0039901,Keon Coleman,WR,BUF,23.3,1.0,67.6,16.3,4.7,0.1,7.67,4.94,15.5,7.17,111.2,44.5,560.9,5.4,4.2,0.0,0.1,0.0,0.0,False,True,25,,,,1.0,
LEM694125,Makai Lemon,WR,PHI,,1.0,,,0.0,0.0,0.0,0.0,14.0,7.87,110.2,48.8,621.6,3.8,8.9,0.0,0.0,0.0,0.0,False,True,0,True,20.0,Rest of Rd 1,1.0,
00-0033288,George Kittle,TE,SF,32.9,0.79,83.2,21.2,4.5,0.0,9.38,2.65,13.0,8.35,108.5,47.3,553.2,4.9,1.7,0.0,0.1,0.0,0.0,False,True,26,,,,1.0,
00-0038608,Kayshon Boutte,WR,NE,24.3,1.04,70.8,13.1,4.0,0.0,9.77,4.91,15.5,6.98,108.2,41.1,604.2,4.5,2.5,0.0,0.1,0.0,0.0,False,True,29,,,,1.0,
00-0038104,Tyquan Thornton,WR,KC,26.1,1.06,37.7,8.8,3.8,0.1,9.51,4.91,15.5,6.92,107.3,33.2,560.5,5.7,4.2,0.0,0.2,0.0,0.0,False,True,15,,,,1.0,
00-0039811,MarShawn Lloyd,RB,GB,25.7,1.02,14.0,7.7,2.0,8.4,5.52,4.08,14.5,7.37,106.8,23.3,167.4,0.8,519.8,3.6,0.3,0.0,0.0,False,True,1,,,,1.046,OL by his own gap mix: 52 pctl (L36/M27/R37 split) + team pass game 97 pctl
00-0038489,Ben VanSumeren,RB,BUF,26.3,1.02,3.1,1.4,2.0,7.5,5.46,4.18,14.5,7.36,106.7,24.6,174.7,0.9,504.7,3.5,0.3,0.0,0.0,True,True,1,,,,1.105,OL by his own gap mix: 85 pctl (L36/M27/R37 split) + team pass game 84 pctl
00-0038416,Tyson Bagent,QB,CHI,26.2,1.04,6.0,0.0,0.0,2.4,3.36,3.86,15.0,7.09,106.4,0.1,0.4,0.0,136.0,1.3,1462.2,8.8,4.4,False,True,6,,,,0.96,"weapons 6 pctl, pass protection 94 pctl"
00-0038555,Tank Bigsby,RB,PHI,24.0,1.05,21.3,1.7,0.9,8.3,5.68,4.79,15.0,7.09,106.3,9.8,75.2,0.3,609.2,5.2,0.1,0.0,0.0,False,True,26,,,,1.02,OL by his own gap mix: 54 pctl (L40/M14/R46 split) + team pass game 62 pctl
00-0037509,Sincere McCormick,RB,SF,26.0,1.02,26.0,5.1,2.0,9.3,5.38,4.34,14.5,7.28,105.5,23.2,160.1,0.8,593.2,2.3,0.2,0.0,0.0,True,True,4,,,,1.02,OL by his own gap mix: 46 pctl (L36/M27/R37 split) + team pass game 81 pctl
00-0035662,Marquise Brown,WR,PHI,29.2,1.0,52.5,14.4,4.7,0.0,7.71,4.91,15.5,6.78,105.1,47.1,565.5,4.1,3.5,0.0,0.1,0.0,0.0,True,True,18,,,,1.0,
00-0039491,Jalen Coker,WR,CAR,24.8,1.06,68.5,15.2,4.4,0.0,8.88,4.91,15.5,6.77,104.9,47.5,601.6,3.4,3.1,0.0,6.4,0.0,0.0,False,True,22,,,,1.0,
00-0039032,Tyjae Spears,RB,TEN,25.2,1.05,45.0,11.6,3.5,6.8,5.55,3.98,15.0,6.89,103.3,40.3,263.4,0.6,370.2,2.7,0.1,0.0,0.0,False,True,25,,,,0.913,OL by his own gap mix: 28 pctl (L36/M29/R35 split) + team pass game 6 pctl
00-0037012,Trey Lance,QB,LAC,26.3,1.04,36.4,0.0,0.0,3.8,3.36,4.26,15.0,6.81,102.2,0.1,0.4,0.0,214.4,0.6,1520.6,7.0,5.9,False,True,8,,,,0.881,"weapons 9 pctl, pass protection 12 pctl"
00-0038129,Cade Otton,TE,TB,27.4,1.06,93.3,17.7,5.6,0.0,6.97,2.7,15.0,6.8,102.0,59.6,582.8,2.3,1.3,0.0,0.1,0.0,0.0,False,True,29,,,,1.0,
00-0038896,Jacob Saylors,RB,DET,26.5,1.02,0.8,0.0,1.9,7.8,5.58,4.21,14.5,7.02,101.8,21.8,158.3,0.7,504.8,3.4,0.3,0.0,0.0,False,True,1,,,,1.057,OL by his own gap mix: 60 pctl (L0/M50/R50 split) + team pass game 91 pctl
00-0038951,Sean Tucker,RB,TB,24.9,1.05,14.2,1.9,1.2,6.6,5.39,4.2,15.0,6.77,101.6,13.1,93.2,0.6,413.4,6.8,0.1,0.0,0.0,False,True,25,,,,0.993,OL by his own gap mix: 54 pctl (L49/M17/R34 split) + team pass game 33 pctl
00-0034351,Dallas Goedert,TE,PHI,31.7,0.87,80.2,20.4,4.4,0.0,7.48,2.75,14.0,7.26,101.6,45.3,458.6,5.5,0.5,0.0,0.1,0.0,0.0,False,True,25,,,,1.0,
00-0039410,Ryan Flournoy,WR,DAL,26.8,1.05,40.1,9.8,4.2,0.2,8.08,4.98,15.5,6.54,101.4,44.6,531.5,3.9,19.0,0.1,0.1,0.0,0.0,False,True,20,,,,1.0,
00-0037112,Jake Tonges,TE,SF,27.2,1.06,33.2,12.2,4.7,0.0,6.59,2.75,15.0,6.71,100.7,51.3,466.5,4.7,1.5,0.0,0.2,0.0,0.0,False,True,9,,,,1.0,
00-0040476,Ulysses Bentley IV,RB,IND,25.7,1.02,,0.0,1.9,7.7,5.58,4.14,14.5,6.94,100.7,22.0,159.8,0.7,491.2,3.4,0.3,0.0,0.0,False,True,1,,,,1.067,OL by his own gap mix: 75 pctl (L100/M0/R0 split) + team pass game 66 pctl
00-0038935,Brenton Strange,TE,JAX,25.7,1.04,68.0,14.2,4.6,0.0,8.15,2.75,15.0,6.71,100.6,51.2,557.6,3.2,0.7,0.0,0.1,0.0,0.0,False,True,26,,,,1.0,
00-0039363,Isaac Guerendo,RB,SF,26.2,1.02,22.9,3.6,1.5,7.3,6.61,4.58,14.5,6.94,100.6,18.5,150.7,0.3,493.1,4.2,0.1,0.0,0.0,False,True,13,,,,1.02,OL by his own gap mix: 46 pctl (L36/M27/R37 split) + team pass game 81 pctl
00-0036040,Juwan Johnson,TE,NO,30.0,1.0,72.0,16.6,5.2,0.0,8.26,2.75,14.0,7.18,100.5,54.7,604.8,2.1,0.5,0.0,0.1,0.0,0.0,False,True,32,,,,1.0,
00-0031408,Mike Evans,WR,SF,33.0,0.74,68.2,24.6,5.3,0.0,7.37,4.91,13.0,7.72,100.3,39.4,504.2,5.0,1.8,0.0,0.1,0.0,0.0,True,True,22,,,,1.0,
00-0036244,Colby Parkinson,TE,LA,27.6,1.06,58.7,11.1,3.9,0.0,6.9,2.75,15.0,6.66,99.9,42.6,407.8,6.3,0.6,0.0,0.1,0.0,0.0,False,True,29,,,,1.0,
00-0040311,Theo Wease Jr.,WR,MIA,25.2,1.06,,13.1,4.4,0.1,8.73,4.91,15.0,6.65,99.8,40.8,580.2,3.4,9.4,0.0,0.4,0.0,0.0,False,True,3,,,,1.0,
00-0039738,Blake Corum,RB,LA,25.8,1.02,24.4,2.1,1.0,7.7,4.86,4.71,15.0,6.65,99.7,11.5,77.3,0.1,580.2,4.6,0.1,0.0,0.0,False,True,31,,,,1.062,OL by his own gap mix: 61 pctl (L30/M34/R36 split) + team pass game 94 pctl
00-0035973,Patrick Taylor,RB,SF,28.3,0.9,19.6,4.4,1.9,7.4,4.93,4.34,14.5,6.86,99.5,19.2,141.5,0.7,475.8,4.0,0.2,0.0,0.0,False,True,5,,,,1.02,OL by his own gap mix: 46 pctl (L36/M27/R37 split) + team pass game 81 pctl
00-0033553,James Conner,RB,ARI,31.3,0.64,57.4,11.0,1.9,7.9,6.18,4.22,13.5,7.32,98.8,20.8,155.8,1.1,434.5,3.8,0.1,0.0,0.0,False,True,19,,,,0.966,OL by his own gap mix: 34 pctl (L41/M28/R31 split) + team pass game 50 pctl
COO816508,Omar Cooper Jr.,WR,NYJ,,1.0,,,0.0,0.0,0.0,0.0,14.0,7.05,98.7,43.7,556.9,3.4,8.0,0.0,0.0,0.0,0.0,False,True,0,True,30.0,Rest of Rd 1,1.0,
00-0037263,Tyler Allgeier,RB,ARI,26.4,1.02,28.6,2.9,1.1,8.5,5.83,3.98,15.0,6.57,98.6,13.1,92.4,0.1,491.9,5.5,0.1,0.0,0.0,True,True,34,,,,0.967,OL by his own gap mix: 35 pctl (L43/M14/R43 split) + team pass game 50 pctl
00-0040735,Luther Burden III,WR,CHI,22.7,1.0,,13.1,4.2,0.3,9.46,4.99,15.5,6.34,98.2,46.0,611.7,1.8,26.1,0.1,0.2,0.0,0.0,False,True,15,,,,1.0,
00-0039021,Roschon Johnson,RB,CHI,25.6,1.02,20.5,3.6,1.5,5.2,5.47,3.82,14.5,6.75,97.9,18.6,131.3,0.5,316.3,6.8,0.1,0.0,0.0,False,True,14,,,,1.099,OL by his own gap mix: 88 pctl (L0/M50/R50 split) + team pass game 72 pctl
00-0032764,Derrick Henry,RB,BAL,32.7,0.46,55.4,5.0,0.6,7.8,6.58,5.26,13.0,7.52,97.8,6.6,57.0,0.2,557.9,5.3,0.1,0.0,0.0,False,True,34,,,,1.048,OL by his own gap mix: 83 pctl (L46/M16/R38 split) + team pass game 28 pctl
00-0036309,Darnell Mooney,WR,NYG,28.8,1.0,85.3,17.6,5.2,0.0,7.43,4.91,15.5,6.31,97.8,43.1,604.6,2.6,2.2,0.0,0.1,0.0,0.0,True,True,31,,,,1.0,
00-0040067,Jacardia Wright,RB,SEA,25.9,1.02,9.0,0.0,1.9,8.3,5.58,4.17,14.5,6.72,97.5,20.3,147.4,0.7,491.7,3.2,0.3,0.0,0.0,False,True,1,,,,0.984,OL by his own gap mix: 30 pctl (L40/M40/R20 split) + team pass game 78 pctl
00-0039847,Theo Johnson,TE,NYG,25.5,1.04,86.2,16.1,4.7,0.0,7.13,2.75,15.0,6.49,97.4,45.7,504.4,4.0,0.7,0.0,0.1,0.0,0.0,False,True,25,,,,1.0,
00-0040130,Jayden Higgins,WR,HOU,23.7,1.04,57.2,12.4,4.3,0.0,7.66,4.91,15.5,6.28,97.3,40.8,513.7,4.2,3.7,0.0,0.1,0.0,0.0,False,True,17,,,,1.0,
00-0040719,Bhayshul Tuten,RB,JAX,24.5,1.05,21.1,3.0,1.3,6.7,5.59,3.95,15.0,6.48,97.2,15.3,113.6,0.8,404.2,5.5,0.1,0.0,0.0,False,True,15,,,,1.013,OL by his own gap mix: 48 pctl (L40/M43/R17 split) + team pass game 69 pctl
00-0040039,Amar Johnson,RB,LAC,23.6,1.05,4.0,4.2,2.1,8.1,5.46,4.18,14.5,6.7,97.1,21.4,156.0,0.8,467.4,3.2,0.3,0.0,0.0,False,True,1,,,,0.958,OL by his own gap mix: 42 pctl (L0/M100/R0 split) + team pass game 22 pctl
00-0040669,Isaac TeSlaa,WR,DET,24.5,1.04,39.6,5.7,2.8,0.1,8.06,4.91,15.5,6.24,96.7,26.7,354.7,7.9,4.3,0.0,0.2,0.0,0.0,False,True,14,,,,1.0,
00-0039266,Kendall Milton,RB,CIN,24.6,1.05,6.0,0.0,1.9,8.1,5.58,4.11,14.5,6.67,96.7,20.8,151.4,0.8,471.7,3.2,0.3,0.0,0.0,False,True,1,,,,0.982,OL by his own gap mix: 48 pctl (L0/M50/R50 split) + team pass game 33 pctl
00-0039405,Jawhar Jordan,RB,HOU,27.0,0.97,30.0,5.6,1.9,9.2,5.48,4.28,14.5,6.66,96.6,21.0,144.6,0.7,542.2,2.2,0.2,0.0,0.0,False,True,4,,,,0.951,OL by his own gap mix: 24 pctl (L35/M33/R33 split) + team pass game 56 pctl
00-0034383,Dalton Schultz,TE,HOU,30.1,1.0,73.2,18.0,5.5,0.0,7.01,2.75,14.0,6.9,96.6,56.3,540.4,2.4,0.5,0.0,0.1,0.0,0.0,False,True,34,,,,1.0,
00-0039424,Devaughn Vele,WR,NO,28.7,1.0,51.3,13.0,4.4,0.0,7.82,4.91,15.5,6.23,96.5,44.6,528.6,3.5,3.0,0.0,0.1,0.0,0.0,False,True,22,,,,1.0,
00-0036894,Pat Freiermuth,TE,PIT,27.9,1.06,56.5,13.1,4.1,0.0,8.24,2.75,15.0,6.42,96.3,47.0,504.9,3.7,0.6,0.0,0.1,0.0,0.0,False,True,32,,,,1.0,
00-0036924,Michael Carter,RB,TEN,27.3,0.97,46.7,9.4,3.0,7.6,5.73,3.87,15.0,6.39,95.9,31.6,237.4,0.7,401.8,2.0,0.1,0.0,0.0,True,True,16,,,,0.915,OL by his own gap mix: 28 pctl (L32/M32/R37 split) + team pass game 6 pctl
00-0040705,Chimere Dike,WR,TEN,24.7,1.06,59.3,13.9,4.7,0.6,6.42,4.56,15.5,6.19,95.9,46.2,466.2,3.5,39.3,0.2,0.1,0.0,0.0,False,True,17,,,,1.0,
00-0039703,Cody Schrader,RB,DEN,27.0,0.97,3.0,2.5,1.9,7.3,5.59,4.17,14.5,6.61,95.8,22.1,160.3,0.7,459.4,3.1,0.3,0.0,0.0,False,True,1,,,,1.041,OL by his own gap mix: 59 pctl (L36/M27/R37 split) + team pass game 75 pctl
BER218265,Germie Bernard,WR,PIT,,1.0,,,0.0,0.0,0.0,0.0,14.0,6.82,95.5,40.7,553.4,3.3,0.0,0.0,0.0,0.0,0.0,False,True,0,True,47.0,Round 2,1.0,
00-0039342,Xavier Legette,WR,CAR,25.6,1.06,68.5,15.6,4.9,0.2,6.2,4.8,15.5,6.15,95.3,43.9,474.5,4.0,13.4,0.1,0.1,0.0,0.0,False,True,30,,,,1.0,
00-0037329,Brittain Brown,RB,CHI,28.9,0.82,6.7,1.5,1.6,6.6,5.46,4.35,14.5,6.57,95.2,18.9,138.2,0.7,455.5,3.7,0.3,0.0,0.0,False,True,1,,,,1.087,OL by his own gap mix: 82 pctl (L40/M40/R20 split) + team pass game 72 pctl
SAD482340,Kenyon Sadiq,TE,NYJ,,1.0,,,0.0,0.0,0.0,0.0,16.0,5.94,95.0,39.7,535.8,3.6,0.0,0.0,0.0,0.0,0.0,False,True,0,True,16.0,Rest of Rd 1,1.0,
00-0033885,David Njoku,TE,LAC,30.1,1.0,67.2,15.5,5.2,0.0,5.98,2.75,14.0,6.76,94.6,50.0,437.5,4.3,0.7,0.0,0.1,0.0,0.0,True,True,22,,,,1.0,
00-0040429,Josh Williams,RB,TB,26.2,1.02,4.3,0.0,1.9,8.1,5.58,4.12,14.5,6.52,94.6,19.9,144.6,0.7,467.9,3.2,0.3,0.0,0.0,False,True,1,,,,0.965,OL by his own gap mix: 40 pctl (L75/M0/R25 split) + team pass game 33 pctl
00-0040277,Jahdae Walker,WR,CHI,24.2,1.04,15.1,5.2,4.3,0.1,7.78,4.91,15.0,6.3,94.5,40.0,507.6,3.8,9.3,0.0,0.4,0.0,0.0,False,True,3,,,,1.0,
00-0033090,Hunter Henry,TE,NE,31.7,0.87,79.8,18.3,4.4,0.0,7.93,2.75,14.0,6.72,94.1,42.9,492.3,3.9,0.4,0.0,0.1,0.0,0.0,False,True,33,,,,1.0,
00-0040563,Efton Chism III,WR,NE,24.8,1.06,,1.6,4.1,0.1,8.67,4.91,15.0,6.25,93.7,39.0,527.7,3.3,10.6,0.1,0.4,0.0,0.0,False,True,2,,,,1.0,
00-0040170,Elic Ayomanor,WR,TEN,23.2,1.0,80.6,18.5,5.3,0.0,6.39,4.91,15.5,6.05,93.7,42.1,525.0,3.3,3.8,0.0,0.1,0.0,0.0,False,True,16,,,,1.0,
00-0038621,DeMario Douglas,WR,NE,25.7,1.06,19.0,12.4,4.0,0.4,8.29,4.73,15.5,6.04,93.6,42.7,516.9,2.9,26.0,0.1,0.1,0.0,0.0,False,True,32,,,,1.0,
00-0038728,Jared Wayne,WR,HOU,25.9,1.06,44.0,5.3,4.5,0.2,7.68,4.91,15.0,6.23,93.4,42.6,517.0,3.1,12.1,0.1,0.5,0.0,0.0,False,True,1,,,,1.0,
CON046719,KC Concepcion,WR,CLE,,1.0,,,0.0,0.0,0.0,0.0,14.0,6.64,93.0,41.2,524.7,3.2,7.5,0.0,0.0,0.0,0.0,False,True,0,True,24.0,Rest of Rd 1,1.0,
00-0040388,Jakobie Keeney-James,WR,GB,25.9,1.06,94.0,20.0,4.5,0.2,7.58,4.91,15.0,6.18,92.7,42.6,509.9,3.1,12.1,0.1,0.5,0.0,0.0,False,True,1,,,,1.0,
00-0040317,Jacoby Jones,WR,WAS,25.1,1.06,16.0,3.4,4.3,0.2,7.96,4.91,15.0,6.17,92.5,40.6,517.5,3.1,12.1,0.1,0.5,0.0,0.0,False,True,1,,,,1.0,
00-0037197,Isiah Pacheco,RB,DET,27.5,0.9,50.9,7.0,1.9,8.4,4.87,3.97,15.0,6.08,91.2,21.2,137.3,0.9,507.0,1.8,0.1,0.0,0.0,True,True,20,,,,1.009,OL by his own gap mix: 37 pctl (L44/M15/R41 split) + team pass game 91 pctl
00-0040646,Jalen Royals,WR,KC,23.5,1.04,19.0,5.0,4.5,0.2,7.19,4.91,15.0,6.08,91.2,42.3,490.7,3.2,11.9,0.1,0.5,0.0,0.0,False,True,1,,,,1.0,
00-0040547,Nate Carter,RB,ATL,24.3,1.05,,0.0,1.7,8.0,5.58,4.41,14.5,6.28,91.1,17.4,127.3,0.7,480.1,2.9,0.3,0.0,0.0,False,True,2,,,,0.943,OL by his own gap mix: 28 pctl (L22/M33/R44 split) + team pass game 38 pctl
00-0036550,Rashod Bateman,WR,BAL,26.8,1.05,69.2,13.6,3.8,0.0,7.84,4.91,15.5,5.88,91.1,34.3,467.4,4.5,2.5,0.0,0.1,0.0,0.0,False,True,29,,,,1.0,
00-0040586,Jaydon Blue,RB,DAL,22.6,1.03,25.6,0.7,1.3,8.4,5.56,3.95,14.5,6.27,90.9,15.1,109.4,0.5,507.7,3.1,0.2,0.0,0.0,False,True,5,,,,1.056,OL by his own gap mix: 60 pctl (L37/M26/R37 split) + team pass game 88 pctl
00-0035229,T.J. Hockenson,TE,MIN,29.2,1.04,74.3,16.4,4.7,0.1,6.83,2.71,15.0,6.05,90.8,51.9,484.0,2.7,2.4,0.0,0.1,0.0,0.0,False,True,25,,,,1.0,
00-0040406,Quentin Skinner,WR,NYJ,24.7,1.06,33.0,4.5,4.3,0.2,7.63,4.91,15.0,6.03,90.4,40.6,496.3,3.1,12.1,0.1,0.5,0.0,0.0,False,True,1,,,,1.0,
00-0038619,Andrei Iosivas,WR,CIN,26.9,1.05,76.9,10.1,4.1,0.1,7.6,4.9,15.5,5.83,90.3,37.3,483.3,3.6,11.3,0.1,0.1,0.0,0.0,False,True,32,,,,1.0,
00-0040494,Max Brosmer,QB,MIN,25.4,1.02,45.4,0.0,0.0,2.2,3.36,3.92,15.0,6.01,90.1,0.1,0.4,0.0,113.0,1.1,1483.8,7.5,8.6,False,True,7,,,,0.879,"weapons 12 pctl, pass protection 4 pctl"
00-0040663,Harold Fannin Jr.,TE,CLE,22.1,0.8,,21.8,4.6,0.3,6.82,2.68,15.0,5.99,89.9,47.7,475.8,2.7,11.0,0.2,0.2,0.0,0.0,False,True,16,,,,1.0,
00-0033319,Nick Mullens,QB,JAX,31.4,1.03,8.6,0.0,0.0,2.9,3.36,3.29,14.0,6.41,89.8,0.1,0.3,0.0,129.6,1.5,1148.8,7.2,3.5,False,True,8,,,,0.97,"weapons 31 pctl, pass protection 56 pctl"
00-0039747,Ainias Smith,WR,CAR,25.3,1.06,20.0,9.7,4.3,0.4,7.08,4.87,15.0,5.98,89.7,41.6,457.9,3.3,26.6,0.1,0.4,0.0,0.0,False,True,3,,,,1.0,
00-0038941,Tyler Scott,WR,LA,24.9,1.06,2.5,0.8,4.3,0.2,7.52,4.91,15.0,5.97,89.6,40.6,489.2,3.1,12.1,0.1,0.5,0.0,0.0,False,True,1,,,,1.0,
00-0040179,DJ Giddens,RB,IND,23.0,1.03,12.0,1.3,1.4,7.3,5.34,4.07,14.5,6.17,89.5,16.0,116.8,0.5,470.3,3.3,0.2,0.0,0.0,False,True,5,,,,1.095,OL by his own gap mix: 88 pctl (L27/M58/R15 split) + team pass game 66 pctl
00-0037291,Jalen Nailor,WR,LV,27.5,1.03,61.7,11.1,3.4,0.2,8.38,4.84,15.5,5.76,89.3,30.9,438.7,4.7,11.3,0.1,0.1,0.0,0.0,True,True,32,,,,1.0,
00-0040522,Xavier Restrepo,WR,TEN,24.4,1.04,22.0,9.3,4.5,0.1,7.35,4.91,15.0,5.95,89.2,39.9,496.2,3.0,10.4,0.1,0.4,0.0,0.0,False,True,2,,,,1.0,
00-0037098,Samori Toure,WR,PHI,28.4,1.03,15.0,8.8,4.5,0.2,7.17,4.91,15.0,5.94,89.1,40.5,484.6,3.1,11.8,0.1,0.5,0.0,0.0,True,True,1,,,,1.0,
00-0039884,Tahj Washington,WR,MIA,25.3,1.06,11.3,9.0,4.3,0.1,7.56,4.91,15.0,5.91,88.6,39.8,490.4,3.0,10.6,0.1,0.4,0.0,0.0,False,True,2,,,,1.0,
00-0039386,Bub Means,WR,NO,25.6,1.06,29.7,10.2,4.5,0.1,7.65,4.91,15.0,5.9,88.5,41.5,518.6,2.5,8.5,0.0,0.3,0.0,0.0,False,True,4,,,,1.0,
00-0037746,Brian Robinson,RB,ATL,27.4,0.97,,3.1,1.2,7.7,4.98,4.28,15.0,5.9,88.5,12.7,84.0,0.6,473.3,3.8,0.1,0.0,0.0,True,True,30,,,,0.956,OL by his own gap mix: 34 pctl (L40/M28/R32 split) + team pass game 38 pctl
00-0040352,Coleman Owen,WR,IND,25.4,1.06,1.0,1.4,4.3,0.2,7.42,4.91,15.0,5.88,88.2,39.2,482.2,3.1,12.1,0.1,0.5,0.0,0.0,False,True,1,,,,1.0,
00-0039373,Audric Estimé,RB,NO,23.0,1.03,,4.1,1.7,8.0,6.3,4.2,14.5,6.08,88.2,18.3,139.2,0.5,446.9,2.9,0.1,0.0,0.0,False,True,18,,,,0.922,OL by his own gap mix: 26 pctl (L46/M28/R26 split) + team pass game 19 pctl
00-0034753,Mark Andrews,TE,BAL,31.0,0.94,61.5,16.4,3.8,0.4,7.06,2.98,14.0,6.27,87.8,37.8,371.9,4.7,16.6,0.3,0.1,0.0,0.0,False,True,34,,,,1.0,
00-0037382,Brandon Johnson,WR,LV,28.1,1.03,10.0,3.8,4.2,0.2,7.61,4.91,15.0,5.84,87.6,39.5,480.9,3.0,11.8,0.1,0.5,0.0,0.0,True,True,1,,,,1.0,
00-0040134,Pat Bryant,WR,DEN,23.7,1.04,47.7,11.0,4.4,0.1,7.65,4.91,15.5,5.65,87.6,42.9,525.0,2.2,4.8,0.0,0.2,0.0,0.0,False,True,12,,,,1.0,
00-0036755,Jaret Patterson,RB,LAC,26.7,0.97,28.0,1.8,1.4,7.5,5.29,4.09,14.5,6.02,87.3,15.1,104.3,0.5,447.6,3.6,0.2,0.0,0.0,False,True,6,,,,1.008,OL by his own gap mix: 66 pctl (L46/M27/R27 split) + team pass game 22 pctl
00-0035535,Darius Slayton,WR,NYG,29.6,0.95,81.9,14.8,4.3,0.1,8.18,4.96,15.5,5.63,87.3,38.8,542.4,2.2,4.7,0.0,0.1,0.0,0.0,False,True,30,,,,1.0,
00-0039921,Trey Benson,RB,ARI,24.1,1.05,30.5,6.8,2.2,7.1,5.25,4.65,14.5,6.01,87.2,23.9,157.8,0.7,462.6,1.5,0.1,0.0,0.0,False,True,16,,,,0.96,OL by his own gap mix: 31 pctl (L24/M34/R41 split) + team pass game 50 pctl
00-0038393,Dontayvion Wicks,WR,PHI,25.2,1.06,48.3,14.1,4.2,0.1,6.79,4.93,15.5,5.58,86.5,39.4,445.9,3.6,5.8,0.0,0.1,0.0,0.0,True,True,30,,,,1.0,
00-0039365,Jacob Cowing,WR,SF,25.6,1.06,10.4,1.2,4.0,0.2,8.26,4.93,15.0,5.75,86.2,37.0,490.5,2.7,18.2,0.1,0.4,0.0,0.0,False,True,3,,,,1.0,
00-0039344,Jonathon Brooks,RB,CAR,23.1,1.03,11.0,2.4,1.8,6.9,5.71,4.02,14.5,5.94,86.2,20.4,149.3,0.7,406.4,2.7,0.3,0.0,0.0,False,True,3,,,,1.003,OL by his own gap mix: 62 pctl (L36/M27/R37 split) + team pass game 25 pctl
00-0040189,Oronde Gadsden II,TE,LAC,23.2,0.88,62.6,14.4,3.8,0.0,8.51,2.75,15.0,5.75,86.2,40.1,480.6,3.0,0.9,0.0,0.2,0.0,0.0,False,True,15,,,,1.0,
00-0038953,Dylan Drummond,WR,ATL,26.6,1.05,21.1,7.1,4.5,0.1,6.84,4.91,15.0,5.74,86.1,41.9,462.4,3.0,9.4,0.0,0.4,0.0,0.0,False,True,3,,,,1.0,
00-0038492,Jason Brownlee,WR,KC,27.6,1.03,6.8,0.9,4.2,0.2,7.42,4.91,15.0,5.71,85.7,38.1,468.5,3.0,11.8,0.1,0.5,0.0,0.0,False,True,1,,,,1.0,
00-0037666,Jalen Tolbert,WR,MIA,27.5,1.03,61.1,9.6,4.0,0.0,7.07,4.91,15.5,5.52,85.5,36.3,436.5,3.9,2.5,0.0,0.1,0.0,0.0,True,True,28,,,,1.0,
00-0040126,Colston Loveland,TE,CHI,22.4,0.8,64.5,16.6,3.7,0.1,8.03,2.69,15.0,5.7,85.5,39.7,450.2,3.4,2.2,0.0,0.2,0.0,0.0,False,True,16,,,,1.0,
00-0036567,Elijah Mitchell,RB,PHI,28.3,0.9,10.0,2.3,1.8,6.6,5.46,4.18,14.5,5.89,85.4,19.3,140.8,0.7,406.6,2.8,0.3,0.0,0.0,True,True,1,,,,1.009,OL by his own gap mix: 49 pctl (L36/M27/R37 split) + team pass game 62 pctl
00-0038911,Malik Cunningham,WR,DET,27.9,1.03,2.0,0.0,4.1,0.3,7.58,4.87,15.0,5.69,85.3,37.6,462.2,2.9,22.4,0.1,0.5,0.0,0.0,False,True,1,,,,1.0,
00-0038979,Cedric Tillman,WR,CLE,26.4,1.06,60.2,11.1,4.2,0.1,7.16,4.85,15.5,5.5,85.2,37.7,466.5,3.2,4.9,0.0,0.1,0.0,0.0,False,True,21,,,,1.0,
00-0037837,Calvin Austin III,WR,NYG,27.4,1.05,53.6,13.1,4.1,0.0,7.59,4.91,15.5,5.48,85.0,37.4,480.8,3.0,2.4,0.0,0.1,0.0,0.0,True,True,31,,,,1.0,
00-0037422,Kendric Pryor,WR,CIN,28.7,1.0,12.5,2.7,4.1,0.2,7.61,4.91,15.0,5.67,85.0,38.3,466.9,2.9,11.5,0.1,0.5,0.0,0.0,False,True,1,,,,1.0,
00-0035645,Gunner Olszewski,WR,NYG,29.8,0.95,10.2,2.6,3.5,0.1,8.38,4.91,15.0,5.66,84.9,34.2,441.1,2.6,6.9,0.0,45.3,1.4,0.0,False,True,5,,,,1.0,
00-0038839,Mitchell Tinsley,WR,CIN,27.0,1.05,24.6,8.3,3.9,0.1,6.63,4.91,15.0,5.65,84.7,30.1,384.8,5.1,6.0,0.0,0.2,0.0,0.0,False,True,8,,,,1.0,
00-0038488,Brady Russell,RB,SEA,28.0,0.9,5.4,0.3,1.8,6.6,5.46,4.18,14.5,5.84,84.7,19.1,139.2,0.7,402.2,2.8,0.3,0.0,0.0,False,True,1,,,,0.998,OL by his own gap mix: 37 pctl (L36/M27/R37 split) + team pass game 78 pctl
00-0033906,Alvin Kamara,RB,NO,31.1,0.64,66.2,15.1,2.6,8.0,5.47,3.91,14.0,6.04,84.6,26.4,181.9,0.5,400.1,1.7,0.1,0.0,0.0,False,True,25,,,,0.912,OL by his own gap mix: 21 pctl (L35/M31/R34 split) + team pass game 19 pctl
00-0038976,Marvin Mims Jr.,WR,DEN,24.5,1.04,,9.8,3.7,0.7,7.41,5.03,15.5,5.45,84.4,40.0,424.7,2.4,57.0,0.3,0.1,0.0,0.0,False,True,31,,,,1.0,
00-0034837,Calvin Ridley,WR,TEN,31.7,0.82,69.5,20.4,4.8,0.2,8.25,5.03,14.0,6.03,84.4,35.6,550.7,1.6,13.2,0.1,0.1,0.0,0.0,False,True,24,,,,1.0,
00-0035208,Olamide Zaccheaus,WR,ATL,29.1,1.0,50.0,14.3,4.5,0.2,6.2,5.01,15.5,5.43,84.1,44.1,436.4,2.7,16.4,0.1,0.1,0.0,0.0,True,True,29,,,,1.0,
00-0039793,AJ Barner,TE,SEA,24.3,0.95,68.9,12.3,3.5,0.4,7.23,2.57,15.0,5.61,84.1,39.0,374.5,4.0,13.8,0.3,0.1,0.0,0.0,False,True,31,,,,1.0,
00-0040237,Tez Johnson,WR,TB,24.3,1.04,47.1,9.2,3.5,0.4,7.45,4.78,15.5,5.41,83.9,34.4,409.6,3.7,29.7,0.1,0.2,0.0,0.0,False,True,15,,,,1.0,
00-0038891,Shedrick Jackson,WR,LV,26.9,1.05,9.0,6.0,3.8,0.2,7.94,4.89,15.0,5.59,83.9,36.2,453.5,3.0,17.9,0.1,0.4,0.0,0.0,False,True,3,,,,1.0,
,De'Zhaun Stribling,WR,SF,,1.0,,,0.0,0.0,0.0,0.0,14.0,5.99,83.8,35.7,485.2,2.9,0.0,0.0,0.0,0.0,0.0,False,True,0,True,33.0,Round 2,1.0,
00-0037563,Malik Davis,RB,DAL,27.8,0.9,20.7,1.4,1.1,6.2,5.34,4.41,15.0,5.59,83.8,12.2,89.9,0.4,434.6,3.8,0.2,0.0,0.0,False,True,9,,,,1.056,OL by his own gap mix: 60 pctl (L29/M46/R25 split) + team pass game 88 pctl
00-0039875,Ray Davis,RB,BUF,26.8,0.97,17.8,3.3,1.2,5.7,6.52,4.3,15.0,5.58,83.7,15.9,131.2,1.8,410.7,1.8,0.1,0.0,0.0,False,True,29,,,,1.11,OL by his own gap mix: 88 pctl (L26/M19/R55 split) + team pass game 84 pctl
00-0040202,Devin Neal,RB,NO,23.1,1.03,40.0,6.1,2.2,7.5,5.55,3.96,15.0,5.56,83.4,24.0,165.3,0.2,404.5,2.2,0.2,0.0,0.0,False,True,9,,,,0.912,OL by his own gap mix: 21 pctl (L35/M33/R32 split) + team pass game 19 pctl
00-0038797,Emanuel Wilson,RB,SEA,27.3,0.97,28.7,3.5,1.1,7.2,5.42,4.2,15.0,5.55,83.3,13.6,91.7,0.5,456.9,3.1,0.1,0.0,0.0,True,True,33,,,,1.001,OL by his own gap mix: 39 pctl (L30/M30/R41 split) + team pass game 78 pctl
00-0037156,Irvin Charles,WR,SEA,29.4,1.0,1.3,0.3,4.1,0.2,7.42,4.91,15.0,5.55,83.2,37.0,454.9,2.9,11.5,0.1,0.5,0.0,0.0,True,True,1,,,,1.0,
00-0038647,Ronnie Bell,WR,NO,26.6,1.05,23.2,5.4,4.1,0.1,7.04,4.91,15.0,5.54,83.1,35.7,433.9,3.5,8.4,0.0,0.3,0.0,0.0,False,True,4,,,,1.0,
00-0037809,Chig Okonkwo,TE,WAS,27.0,1.06,,14.7,4.7,0.0,6.97,2.84,15.0,5.53,83.0,50.1,487.8,1.5,1.3,0.0,0.1,0.0,0.0,True,True,33,,,,1.0,
00-0037838,Isaiah Likely,TE,NYG,26.4,1.04,57.2,12.5,3.6,0.0,7.87,2.75,15.0,5.51,82.6,39.7,428.5,3.3,0.7,0.0,0.1,0.0,0.0,True,True,26,,,,1.0,
00-0040172,Jordan Watkins,WR,SF,24.5,1.04,10.2,5.4,4.0,0.1,7.65,4.91,15.0,5.51,82.6,37.0,456.7,2.8,10.4,0.1,0.4,0.0,0.0,False,True,2,,,,1.0,
00-0039880,Malik Washington,WR,MIA,25.9,1.06,54.1,12.9,4.0,0.8,5.86,5.22,15.5,5.31,82.3,42.6,366.0,2.6,64.0,0.4,0.1,0.0,0.0,False,True,29,,,,1.0,
00-0038454,Keaton Mitchell,RB,LAC,24.6,1.05,17.0,4.0,1.4,6.5,5.68,4.72,15.0,5.48,82.2,16.2,120.8,0.5,470.1,2.0,0.1,0.0,0.0,True,True,14,,,,1.028,OL by his own gap mix: 76 pctl (L37/M7/R56 split) + team pass game 22 pctl
00-0039392,Jha'Quan Jackson,WR,HOU,26.3,1.06,5.8,0.8,4.1,0.3,7.27,4.8,15.0,5.46,81.9,36.4,442.7,2.8,19.9,0.1,0.4,0.0,0.0,True,True,2,,,,1.0,
00-0035891,Cody White,WR,SEA,27.8,1.03,26.9,2.3,3.5,0.1,9.15,4.91,15.0,5.46,81.9,32.9,477.6,2.8,8.3,0.0,0.3,0.0,0.0,False,True,4,,,,1.0,
00-0036646,Simi Fehoko,WR,ARI,28.8,1.0,48.5,9.2,4.0,0.1,7.33,4.91,15.0,5.45,81.8,32.9,436.0,3.5,7.3,0.0,0.3,0.0,0.0,False,True,5,,,,1.0,
00-0037614,John Metchie III,WR,CAR,26.1,1.06,,12.9,4.3,0.2,6.54,4.63,15.5,5.22,80.9,43.9,437.0,2.2,14.0,0.1,0.1,0.0,0.0,True,True,22,,,,1.0,
00-0034775,Christian Kirk,WR,SF,29.8,0.95,53.7,15.7,4.7,0.0,6.21,4.91,15.5,5.21,80.8,41.2,448.7,2.5,3.1,0.0,0.1,0.0,0.0,True,True,19,,,,1.0,
00-0038519,Nikko Remigio,WR,KC,26.8,1.05,6.3,1.4,3.7,0.3,7.94,4.99,15.0,5.32,79.8,34.1,445.3,2.6,20.3,0.1,0.4,0.0,0.0,False,True,3,,,,1.0,
00-0040556,Corey Kiner,RB,ARI,24.6,1.05,13.2,2.7,1.7,6.7,5.54,4.26,14.5,5.5,79.8,17.5,127.4,0.6,396.8,2.5,0.2,0.0,0.0,False,True,4,,,,0.961,OL by his own gap mix: 32 pctl (L33/M58/R8 split) + team pass game 50 pctl
00-0036988,Josh Palmer,WR,BUF,26.9,1.05,54.5,11.7,3.9,0.0,8.23,4.91,15.5,5.14,79.7,36.5,497.5,1.9,2.6,0.0,0.1,0.0,0.0,False,True,27,,,,1.0,
00-0039757,Terrell Jennings,RB,NE,25.7,1.02,10.0,0.8,1.1,6.7,5.6,3.87,14.5,5.49,79.6,12.9,95.0,0.4,390.5,3.7,0.2,0.0,0.0,False,True,7,,,,1.033,OL by his own gap mix: 44 pctl (L35/M57/R9 split) + team pass game 100 pctl
00-0039792,Devontez Walker,WR,BAL,25.2,1.06,22.5,4.5,3.2,0.1,9.17,4.91,15.0,5.29,79.4,29.9,434.3,3.4,6.5,0.0,0.2,0.0,0.0,False,True,7,,,,1.0,
00-0036423,Albert Okwuegbunam,TE,LV,28.4,1.06,46.0,16.7,4.1,0.1,6.71,2.75,14.5,5.46,79.2,42.7,395.4,2.9,3.0,0.1,0.5,0.0,0.0,False,True,1,,,,1.0,
00-0037252,Greg Dulcich,TE,MIA,26.4,1.04,40.1,14.6,3.8,0.1,7.95,2.62,15.0,5.27,79.1,41.0,449.9,2.1,3.8,0.1,0.2,0.0,0.0,False,True,12,,,,1.0,
00-0035250,Devin Singletary,RB,NYG,29.0,0.82,30.7,4.2,1.1,6.1,6.2,3.86,15.0,5.23,78.5,14.8,109.3,0.3,361.5,3.7,0.1,0.0,0.0,False,True,32,,,,1.033,OL by his own gap mix: 68 pctl (L37/M25/R38 split) + team pass game 45 pctl
00-0034975,Justice Hill,RB,BAL,28.8,0.82,39.0,11.3,2.4,3.0,6.36,4.51,15.0,5.23,78.4,29.8,241.1,1.1,213.9,1.9,0.1,0.0,0.0,False,True,24,,,,1.043,OL by his own gap mix: 80 pctl (L50/M22/R28 split) + team pass game 28 pctl
00-0040078,Brashard Smith,RB,KC,23.4,1.03,16.7,6.6,2.3,4.7,5.29,3.94,15.0,5.19,77.9,26.6,189.3,1.5,282.6,1.4,0.1,0.0,0.0,False,True,15,,,,1.02,OL by his own gap mix: 56 pctl (L41/M18/R41 split) + team pass game 59 pctl
00-0036626,Dyami Brown,WR,WAS,26.8,1.05,39.0,9.5,3.6,0.4,6.97,4.99,15.5,5.0,77.5,33.6,384.3,3.1,30.4,0.1,0.1,0.0,0.0,True,True,26,,,,1.0,
00-0039244,Chris Collier,RB,LV,26.4,1.02,4.2,1.0,1.9,7.2,5.26,4.09,14.5,5.34,77.4,17.9,124.7,0.6,373.6,2.5,0.3,0.0,0.0,False,True,2,,,,0.872,OL by his own gap mix: 5 pctl (L36/M27/R37 split) + team pass game 12 pctl
00-0038794,Jaleel McLaughlin,RB,DEN,26.0,1.02,21.6,3.8,1.4,6.4,4.73,4.48,14.5,5.33,77.3,16.7,100.5,0.6,439.2,1.9,0.1,0.0,0.0,False,True,24,,,,1.048,OL by his own gap mix: 62 pctl (L59/M8/R32 split) + team pass game 75 pctl
00-0035644,Noah Fant,TE,NO,28.8,1.04,45.9,10.9,3.7,0.0,7.17,2.75,15.0,5.15,77.2,43.0,400.3,2.6,0.7,0.0,0.1,0.0,0.0,True,True,27,,,,1.0,
00-0035544,Tom Kennedy,WR,DET,30.1,0.95,10.5,1.9,4.0,0.1,7.65,4.91,14.0,5.51,77.2,36.6,430.0,2.5,8.9,0.0,0.4,0.0,0.0,False,True,2,,,,1.0,
00-0039874,Jaylen Wright,RB,MIA,23.4,1.03,19.8,3.0,1.1,7.4,5.16,4.06,15.0,5.13,77.0,11.6,85.2,0.4,446.6,2.6,0.1,0.0,0.0,False,True,22,,,,0.991,OL by his own gap mix: 48 pctl (L36/M24/R40 split) + team pass game 45 pctl
00-0038576,Charlie Jones,WR,CIN,27.8,1.03,3.1,0.3,3.8,0.1,7.32,4.91,15.0,5.13,77.0,34.5,418.9,2.7,10.3,0.1,0.4,0.0,0.0,False,True,2,,,,1.0,
00-0036959,Michael Bandy,WR,DEN,28.7,1.0,6.2,2.9,3.5,0.1,7.98,4.91,15.0,5.12,76.8,34.1,420.7,2.8,8.9,0.0,0.4,0.0,0.0,False,True,3,,,,1.0,
00-0040024,Darius Cooper,WR,PHI,24.8,1.06,25.8,6.4,3.7,0.1,7.73,4.91,15.0,5.11,76.7,36.6,431.8,2.4,7.7,0.0,0.3,0.0,0.0,False,True,5,,,,1.0,
00-0036463,Chris Blair,WR,ATL,28.9,1.0,10.0,3.4,3.7,0.1,7.62,4.91,15.0,5.1,76.5,34.0,423.2,2.6,10.0,0.1,0.4,0.0,0.0,False,True,2,,,,1.0,
00-0039890,Adonai Mitchell,WR,NYJ,23.9,1.04,46.1,14.1,4.4,0.1,6.4,4.69,15.5,4.86,75.4,33.1,438.7,2.2,9.6,0.1,5.9,0.0,0.0,False,True,33,,,,1.0,
00-0040432,Beaux Collins,WR,NYG,23.7,1.04,13.8,5.0,3.9,0.1,7.18,4.91,15.0,5.03,75.4,34.0,418.4,2.6,9.3,0.0,0.4,0.0,0.0,False,True,3,,,,1.0,
00-0039364,Sione Vaki,RB,DET,25.1,1.05,1.4,0.6,1.4,5.6,5.92,4.09,14.5,5.18,75.1,17.3,132.1,0.6,352.8,2.4,0.2,0.0,0.0,False,True,5,,,,1.07,OL by his own gap mix: 66 pctl (L0/M100/R0 split) + team pass game 91 pctl
00-0033293,Aaron Jones,RB,MIN,31.7,0.55,58.2,13.4,1.8,6.5,5.55,4.27,14.0,5.36,75.0,18.1,134.5,0.9,375.4,1.6,0.1,0.0,0.0,False,True,29,,,,0.964,OL by his own gap mix: 51 pctl (L27/M31/R42 split) + team pass game 9 pctl
00-0035537,Ty Johnson,RB,BUF,29.0,0.82,29.3,6.3,1.5,3.0,7.43,4.25,15.0,5.0,75.0,18.7,187.1,1.4,211.5,2.9,0.1,0.0,0.0,False,True,34,,,,1.107,OL by his own gap mix: 86 pctl (L34/M30/R36 split) + team pass game 84 pctl
00-0039603,British Brooks,RB,HOU,26.8,0.97,6.1,0.0,1.2,7.0,5.58,4.24,14.5,5.17,74.9,13.2,95.7,0.5,412.8,2.4,0.2,0.0,0.0,False,True,4,,,,0.96,OL by his own gap mix: 29 pctl (L18/M47/R35 split) + team pass game 56 pctl
BOS677861,Denzel Boston,WR,CLE,,1.0,,,0.0,0.0,0.0,0.0,14.0,5.34,74.8,31.8,432.6,2.6,0.0,0.0,0.0,0.0,0.0,False,True,0,True,39.0,Round 2,1.0,
00-0037267,Jerome Ford,RB,WAS,27.0,0.97,37.9,7.7,2.5,4.4,4.58,4.4,15.0,4.97,74.5,30.7,174.7,0.3,296.3,1.7,0.1,0.0,0.0,True,True,27,,,,1.025,OL by his own gap mix: 66 pctl (L29/M33/R38 split) + team pass game 41 pctl
00-0036176,Mason Kinsey,WR,TEN,28.0,1.03,13.2,1.6,3.5,0.1,8.08,4.91,15.0,4.97,74.5,32.6,429.7,2.4,8.3,0.0,0.3,0.0,0.0,False,True,4,,,,1.0,
00-0037745,Velus Jones Jr.,WR,SEA,29.3,1.0,3.0,0.8,3.1,1.1,7.59,5.09,15.0,4.95,74.3,29.4,358.1,2.2,81.6,0.4,0.4,0.0,0.0,False,True,3,,,,1.0,
00-0035406,Lil'Jordan Humphrey,WR,DEN,28.4,1.03,49.0,10.6,3.8,0.0,6.83,4.91,15.0,4.95,74.2,34.2,387.6,3.0,3.1,0.0,0.1,0.0,0.0,False,True,21,,,,1.0,
00-0040667,Matthew Golden,WR,GB,23.1,1.0,53.2,12.4,3.6,0.6,7.89,4.91,15.5,4.78,74.1,35.4,437.9,1.2,42.2,0.2,0.2,0.0,0.0,False,True,14,,,,1.0,
00-0034829,Mike Gesicki,TE,CIN,30.9,0.94,40.8,11.4,3.8,0.0,7.4,2.75,14.0,5.29,74.1,37.8,389.6,2.7,0.5,0.0,0.1,0.0,0.0,False,True,28,,,,1.0,
00-0037132,Britain Covey,WR,PHI,29.5,0.95,12.6,4.2,3.9,0.1,6.92,4.91,15.0,4.94,74.1,36.4,400.9,2.5,7.6,0.0,0.3,0.0,0.0,False,True,4,,,,1.0,
00-0037231,Kevin Austin Jr.,WR,NO,26.4,1.06,,12.1,4.3,0.1,6.91,4.94,15.0,4.93,74.0,37.6,449.2,1.6,7.2,0.0,0.2,0.0,0.0,False,True,13,,,,1.0,
00-0040138,Jaylin Noel,WR,HOU,24.0,1.04,26.0,6.0,3.3,0.4,7.91,4.73,15.5,4.77,74.0,33.9,399.5,2.3,27.0,0.1,0.2,0.0,0.0,False,True,14,,,,1.0,
00-0039816,Anthony Gould,WR,IND,25.4,1.06,7.8,0.5,3.6,0.1,7.52,4.91,15.0,4.93,73.9,34.6,406.6,2.5,9.4,0.0,0.4,0.0,0.0,False,True,3,,,,1.0,
00-0039299,George Holani,RB,SEA,26.7,0.97,4.8,1.0,1.3,6.5,5.6,3.97,14.5,5.08,73.6,14.4,103.3,0.5,375.0,2.6,0.2,0.0,0.0,False,True,6,,,,1.001,OL by his own gap mix: 39 pctl (L32/M27/R41 split) + team pass game 78 pctl
00-0040154,Tai Felton,WR,MIN,23.5,1.04,4.4,1.1,3.5,0.1,7.63,4.91,15.0,4.89,73.4,34.0,404.9,2.5,9.3,0.0,0.4,0.0,0.0,False,True,3,,,,1.0,
00-0036165,Isaiah Hodgins,WR,NYG,27.9,1.03,70.3,9.3,3.7,0.1,7.06,4.91,15.0,4.87,73.0,33.2,395.8,2.7,5.9,0.0,0.2,0.0,0.0,False,True,8,,,,1.0,
00-0039355,Luke McCaffrey,WR,WAS,25.4,1.06,33.8,6.6,2.8,0.0,9.12,4.91,15.0,4.86,72.9,28.8,389.8,3.2,3.4,0.0,0.1,0.0,0.0,False,True,19,,,,1.0,
00-0040590,Konata Mumpfield,WR,LA,23.9,1.04,32.2,6.2,3.5,0.1,6.37,4.91,15.5,4.68,72.5,30.2,346.5,3.7,5.7,0.0,0.2,0.0,0.0,False,True,9,,,,1.0,
00-0035500,Greg Dortch,WR,DET,28.3,1.03,36.1,7.9,3.2,0.4,6.87,4.67,15.5,4.67,72.4,37.5,343.0,2.5,31.6,0.2,0.1,0.0,0.0,True,True,29,,,,1.0,
00-0039451,Isaiah Williams,WR,NYJ,25.6,1.06,34.7,8.5,4.4,0.3,6.49,5.13,15.5,4.67,72.4,45.9,447.5,0.3,22.5,0.1,0.2,0.0,0.0,False,True,10,,,,1.0,
00-0040205,Kalel Mullings,RB,TEN,23.9,1.05,2.1,0.0,1.5,6.4,5.58,4.12,14.5,4.99,72.3,15.3,111.6,0.6,354.7,2.4,0.3,0.0,0.0,False,True,3,,,,0.93,OL by his own gap mix: 36 pctl (L0/M67/R33 split) + team pass game 6 pctl
00-0036290,Cole Kmet,TE,CHI,27.5,1.06,75.7,9.8,3.5,0.0,7.41,2.75,15.0,4.81,72.2,36.8,387.5,2.5,0.6,0.0,0.1,0.0,0.0,False,True,30,,,,1.0,
00-0035639,Parris Campbell,WR,DAL,29.1,1.0,45.0,8.1,3.6,0.1,7.0,4.91,15.0,4.8,72.0,34.0,374.2,2.8,8.0,0.0,0.3,0.0,0.0,False,True,4,,,,1.0,
00-0039739,Roman Wilson,WR,PIT,25.2,1.06,33.1,7.7,3.4,0.1,7.68,4.91,15.5,4.65,72.0,32.1,409.2,2.4,5.9,0.0,0.2,0.0,0.0,False,True,9,,,,1.0,
00-0037742,Treylon Burks,WR,WAS,26.4,1.06,57.4,11.1,3.4,0.1,6.78,4.86,15.0,4.79,71.8,27.8,341.9,3.8,8.9,0.0,0.2,0.0,0.0,False,True,13,,,,1.0,
00-0035689,Dawson Knox,TE,BUF,29.8,1.0,58.8,10.2,3.0,0.0,8.06,2.75,15.0,4.78,71.7,31.9,359.1,3.3,0.6,0.0,0.1,0.0,0.0,False,True,30,,,,1.0,
00-0038618,Xavier Hutchinson,WR,HOU,26.3,1.06,54.6,9.8,3.5,0.2,7.2,5.02,15.5,4.63,71.7,32.9,396.2,2.3,11.9,0.1,0.1,0.0,0.0,False,True,30,,,,1.0,
00-0036182,Nick Westbrook-Ikhine,WR,IND,29.4,1.0,54.0,8.6,3.5,0.0,6.99,4.91,15.5,4.62,71.6,30.5,374.0,3.1,3.0,0.0,0.1,0.0,0.0,True,True,22,,,,1.0,
00-0040534,Ke'Shawn Williams,WR,CIN,24.7,1.06,3.5,0.3,3.4,0.4,7.52,4.91,15.0,4.77,71.5,31.6,380.5,2.4,26.8,0.1,0.4,0.0,0.0,False,True,3,,,,1.0,
00-0037557,Ronnie Rivers,RB,LA,27.6,0.9,5.0,1.4,1.2,5.7,5.59,4.34,14.5,4.91,71.2,14.2,102.9,0.5,388.0,2.0,0.2,0.0,0.0,False,True,7,,,,1.075,OL by his own gap mix: 67 pctl (L33/M67/R0 split) + team pass game 94 pctl
00-0040162,Dylan Sampson,RB,CLE,22.0,1.0,26.5,8.7,2.5,5.6,6.14,3.56,15.0,4.74,71.1,27.4,212.2,1.0,272.2,0.5,0.1,0.0,0.0,False,True,15,,,,0.918,OL by his own gap mix: 31 pctl (L43/M15/R42 split) + team pass game 3 pctl
00-0036497,Tim Jones,WR,JAX,28.3,1.03,13.4,1.9,3.4,0.1,7.88,4.91,15.0,4.74,71.1,32.2,403.5,2.3,8.3,0.0,0.3,0.0,0.0,False,True,4,,,,1.0,
00-0040737,Terrance Ferguson,TE,LA,23.5,0.95,36.7,6.5,2.6,0.1,7.68,2.71,15.0,4.73,71.0,23.6,294.9,4.8,3.4,0.1,0.2,0.0,0.0,False,True,11,,,,1.0,
00-0037801,KaVontae Turpin,WR,DAL,30.1,0.95,32.8,7.3,3.0,0.9,8.87,5.04,14.5,4.9,71.0,27.4,380.1,2.0,66.5,0.1,0.1,0.0,0.0,False,True,30,,,,1.0,
00-0039394,Casey Washington,WR,ATL,25.5,1.06,31.8,7.5,3.7,0.1,7.34,4.91,15.0,4.72,70.8,31.3,407.4,2.3,6.5,0.0,0.2,0.0,0.0,False,True,7,,,,1.0,
00-0038679,Tyrell Shavers,WR,BUF,27.0,1.05,38.6,7.6,3.2,0.1,9.05,4.91,15.5,4.55,70.6,31.6,453.3,1.5,5.1,0.0,0.2,0.0,0.0,False,True,11,,,,1.0,
00-0033908,Cooper Kupp,WR,SEA,33.2,0.74,77.0,18.2,3.9,0.0,7.87,4.91,13.5,5.22,70.5,34.2,409.2,2.2,3.2,0.0,0.1,0.0,0.5,False,True,28,,,,1.0,
00-0036842,Kene Nwangwu,RB,NYJ,28.6,0.82,4.4,0.5,1.4,6.6,5.46,4.13,14.5,4.86,70.4,14.0,101.9,0.5,363.7,2.3,0.3,0.0,0.0,False,True,2,,,,0.916,OL by his own gap mix: 24 pctl (L38/M15/R46 split) + team pass game 16 pctl
00-0038440,Zavier Scott,RB,MIN,27.1,0.97,10.2,4.4,1.9,5.4,5.72,4.02,15.0,4.69,70.4,21.4,154.6,1.0,316.5,1.1,0.2,0.0,0.0,False,True,9,,,,0.97,OL by his own gap mix: 53 pctl (L47/M25/R28 split) + team pass game 9 pctl
00-0037093,Dareke Young,WR,LV,27.2,1.05,8.6,1.4,3.3,0.1,8.1,4.91,15.0,4.69,70.3,30.6,403.7,2.3,8.4,0.0,0.3,0.0,0.0,True,True,4,,,,1.0,
00-0036849,Tutu Atwell,WR,MIA,26.9,1.05,32.8,8.9,3.4,0.1,9.27,4.89,15.0,4.68,70.2,30.2,472.6,1.2,6.5,0.0,0.1,0.0,0.0,True,True,23,,,,1.0,
00-0040198,Ollie Gordon II,RB,MIA,22.6,1.03,,1.8,1.0,5.7,5.24,3.6,15.0,4.67,70.0,11.3,77.0,0.5,296.2,4.0,0.1,0.0,0.0,False,True,16,,,,0.964,OL by his own gap mix: 35 pctl (L39/M43/R19 split) + team pass game 45 pctl
00-0038551,Kendre Miller,RB,NO,24.2,1.05,25.3,2.7,1.3,7.6,5.51,4.1,14.5,4.81,69.8,13.7,96.9,0.5,412.9,1.5,0.1,0.0,0.0,False,True,13,,,,0.908,OL by his own gap mix: 20 pctl (L32/M26/R43 split) + team pass game 19 pctl
00-0037300,Mike Woods,WR,DEN,26.5,1.06,,8.6,4.3,0.1,6.55,4.91,15.0,4.63,69.5,36.1,422.5,1.4,7.7,0.0,0.3,0.0,0.0,True,True,5,,,,1.0,
00-0035976,Dan Chisena,WR,CAR,29.5,0.95,4.8,3.8,3.3,0.1,7.72,4.91,15.0,4.6,69.0,31.4,386.4,2.3,8.5,0.0,0.4,0.0,0.0,False,True,3,,,,1.0,
00-0038359,Xavier Smith,WR,LA,28.9,1.0,19.4,4.1,3.0,0.2,9.41,5.0,15.5,4.45,68.9,30.8,432.0,1.4,12.5,0.1,0.2,0.0,0.0,False,True,13,,,,1.0,
00-0036980,Elijah Moore,WR,PHI,26.4,1.06,51.2,10.7,4.1,0.4,6.26,4.8,15.5,4.45,68.9,37.8,400.1,1.0,28.0,0.2,0.1,0.0,0.0,True,True,26,,,,1.0,
00-0038636,Kenny McIntosh,RB,SEA,26.5,1.02,7.5,1.2,1.3,6.5,5.57,4.53,14.5,4.74,68.8,14.5,105.7,0.5,425.4,0.9,0.2,0.0,0.0,False,True,7,,,,0.998,OL by his own gap mix: 37 pctl (L36/M27/R37 split) + team pass game 78 pctl
00-0039650,Bryce Oliver,WR,TEN,26.3,1.06,12.4,3.4,3.3,0.1,8.0,4.91,15.0,4.57,68.6,31.1,391.1,2.2,7.1,0.0,0.3,0.0,0.0,False,True,6,,,,1.0,
00-0034867,Malik Turner,WR,SF,30.6,0.89,8.0,1.0,3.6,0.1,7.42,4.91,14.0,4.89,68.5,30.7,377.8,2.4,9.5,0.0,0.4,0.0,0.0,False,True,1,,,,1.0,
00-0038840,Brycen Tremayne,WR,CAR,26.8,1.05,24.7,3.6,3.3,0.1,7.9,4.91,15.0,4.56,68.4,33.1,392.5,2.0,5.6,0.0,0.2,0.0,0.0,False,True,9,,,,1.0,
00-0036427,Tyler Johnson,WR,DAL,28.0,1.03,39.9,9.1,3.1,0.0,8.36,4.91,15.5,4.39,68.1,31.0,408.3,1.9,3.3,0.0,0.1,0.0,0.0,True,True,20,,,,1.0,
00-0036534,Shane Zylstra,TE,BUF,29.8,1.0,32.1,7.2,3.6,0.1,6.61,2.75,14.5,4.68,67.9,36.0,340.4,2.5,2.5,0.1,0.4,0.0,0.0,True,True,2,,,,1.0,
00-0039794,Braelon Allen,RB,NYJ,22.6,1.03,25.0,3.8,1.5,6.0,5.56,3.98,14.5,4.68,67.8,15.2,114.2,0.6,325.9,2.1,0.1,0.0,0.0,False,True,21,,,,0.933,OL by his own gap mix: 33 pctl (L17/M44/R39 split) + team pass game 16 pctl
00-0040644,Trevor Etienne,RB,CAR,22.1,1.0,5.6,0.6,1.1,5.1,5.5,4.28,14.5,4.65,67.4,12.7,89.3,0.4,316.9,3.0,0.2,0.0,0.0,False,True,8,,,,0.998,OL by his own gap mix: 60 pctl (L45/M30/R25 split) + team pass game 25 pctl
00-0036345,K.J. Osborn,WR,TEN,29.2,1.0,49.5,9.5,3.8,0.1,6.32,4.91,15.0,4.49,67.4,31.4,360.4,2.5,6.7,0.0,0.3,0.0,0.0,True,True,6,,,,1.0,
00-0039754,Devin Culp,TE,TB,26.6,1.06,8.6,4.8,3.1,0.1,7.43,2.75,14.5,4.64,67.3,33.1,337.2,2.8,2.3,0.0,0.4,0.0,0.0,False,True,3,,,,1.0,
00-0038705,Emari Demercado,RB,KC,27.6,0.9,22.2,4.5,1.6,3.9,5.35,5.73,15.0,4.49,67.3,18.1,132.4,1.0,342.3,0.8,0.1,0.0,0.0,True,True,24,,,,1.018,OL by his own gap mix: 54 pctl (L32/M27/R41 split) + team pass game 59 pctl
00-0039325,Carson Steele,RB,PHI,23.9,1.05,18.8,3.1,1.4,6.3,4.95,3.83,14.5,4.63,67.1,14.9,100.1,0.5,352.1,1.9,0.1,0.0,0.0,True,True,12,,,,1.009,OL by his own gap mix: 49 pctl (L36/M27/R37 split) + team pass game 62 pctl
00-0033307,Kendrick Bourne,WR,ARI,31.1,0.89,57.1,10.6,3.4,0.0,9.11,4.92,14.5,4.59,66.5,33.3,447.1,0.8,3.3,0.0,0.1,0.0,0.0,True,True,26,,,,1.0,
00-0040727,Tre Harris,WR,LAC,24.5,1.04,48.5,9.1,3.3,0.1,7.56,4.91,15.5,4.27,66.2,33.9,391.1,1.4,11.1,0.1,0.1,0.0,0.0,False,True,16,,,,1.0,
00-0036387,Jalen Reagor,WR,MIA,27.7,1.03,28.2,5.7,3.1,0.3,7.74,4.72,15.0,4.38,65.7,28.7,364.4,2.0,22.9,0.1,0.2,0.0,0.0,True,True,7,,,,1.0,
00-0038678,Jordan Mims,RB,SF,27.2,0.97,15.2,7.5,2.3,5.3,5.11,4.06,14.5,4.52,65.5,25.0,173.2,0.3,321.0,0.3,0.2,0.0,0.0,True,True,7,,,,1.02,OL by his own gap mix: 46 pctl (L36/M27/R37 split) + team pass game 81 pctl
00-0039236,Johnny Wilson,WR,PHI,25.4,1.06,33.6,5.0,3.0,0.1,6.32,4.91,15.0,4.36,65.4,24.6,285.5,4.0,5.7,0.0,0.2,0.0,0.0,False,True,9,,,,1.0,
00-0040782,Isaiah Bond,WR,CLE,22.5,0.94,48.1,9.3,3.2,0.3,7.63,4.96,15.5,4.22,65.4,25.5,379.2,2.0,20.9,0.1,0.2,0.0,0.0,False,True,15,,,,1.0,
00-0036841,Austin Trammell,WR,JAX,28.2,1.03,25.7,6.9,3.4,0.1,7.15,4.91,15.0,4.35,65.2,28.7,369.1,2.2,6.9,0.0,0.3,0.0,0.0,False,True,6,,,,1.0,
00-0036955,Terrace Marshall Jr.,WR,MIA,26.2,1.06,29.3,3.4,3.2,0.1,7.49,4.91,15.0,4.34,65.1,29.3,364.2,2.2,7.7,0.0,0.3,0.0,0.0,True,True,5,,,,1.0,
00-0039052,Trey Palmer,WR,NO,25.4,1.06,29.5,3.9,3.3,0.1,7.66,4.91,15.0,4.33,64.9,29.2,377.7,2.0,5.3,0.0,0.2,0.0,0.0,False,True,10,,,,1.0,
00-0037475,Stone Smartt,TE,PHI,27.9,1.06,14.5,5.7,3.3,0.0,7.36,2.75,14.5,4.47,64.8,35.5,349.3,2.0,1.3,0.0,0.2,0.0,0.0,True,True,10,,,,1.0,
00-0038640,Jalen Brooks,WR,ARI,26.3,1.06,36.0,5.6,3.4,0.1,7.2,4.91,15.0,4.29,64.3,27.4,369.5,2.2,4.2,0.0,0.2,0.0,0.0,False,True,14,,,,1.0,
00-0040259,Gage Larvadain,WR,CLE,23.7,1.04,23.6,3.4,3.3,0.2,6.99,4.89,15.0,4.27,64.0,29.4,348.9,2.1,12.3,0.1,0.2,0.0,0.0,False,True,7,,,,1.0,
00-0035298,Scott Miller,WR,CHI,29.1,1.0,20.8,7.3,3.4,0.1,6.73,4.91,15.0,4.25,63.8,31.9,347.0,2.1,5.3,0.0,0.2,0.0,0.0,True,True,9,,,,1.0,
00-0035140,Mecole Hardman,WR,BUF,28.5,1.03,11.2,3.0,3.1,0.4,7.09,5.25,15.0,4.25,63.7,29.6,325.7,2.0,31.1,0.2,0.2,0.0,0.0,False,True,8,,,,1.0,
00-0038558,Darnell Washington,TE,PIT,25.0,1.0,55.4,10.0,3.0,0.0,7.79,2.75,15.0,4.23,63.4,32.5,350.5,2.0,0.6,0.0,0.1,0.0,0.0,False,True,26,,,,1.0,
00-0039798,Isaiah Davis,RB,NYJ,24.5,1.05,24.3,5.5,1.9,4.3,6.06,4.79,15.0,4.23,63.4,20.0,160.6,0.4,283.8,1.1,0.1,0.0,0.0,False,True,24,,,,0.919,OL by his own gap mix: 26 pctl (L38/M19/R43 split) + team pass game 16 pctl
00-0040584,Gunnar Helm,TE,TEN,24.0,0.95,52.6,10.7,3.3,0.0,6.63,2.75,15.0,4.22,63.3,37.3,325.8,2.0,0.9,0.0,0.2,0.0,0.0,False,True,16,,,,1.0,
00-0037282,James Mitchell,TE,CAR,27.1,1.06,14.4,5.0,3.2,0.1,6.97,2.75,14.5,4.36,63.2,33.3,318.8,2.3,2.6,0.1,0.4,0.0,0.0,False,True,2,,,,1.0,
00-0039066,Michael Mayer,TE,LV,25.2,1.0,62.1,12.1,3.7,0.0,6.4,2.75,15.0,4.19,62.8,39.1,359.4,1.2,0.7,0.0,0.1,0.0,0.0,False,True,23,,,,1.0,
00-0036187,Reggie Gilliam,RB,NE,29.0,0.82,19.1,0.4,1.3,4.6,5.95,4.08,14.5,4.32,62.7,15.1,115.1,0.5,286.3,2.0,0.2,0.0,0.0,True,True,4,,,,1.048,OL by his own gap mix: 52 pctl (L50/M50/R0 split) + team pass game 100 pctl
00-0033857,JuJu Smith-Schuster,WR,NYG,29.8,0.95,54.8,8.3,2.9,0.0,7.78,4.91,15.5,4.05,62.7,30.8,350.1,2.0,2.4,0.0,0.1,0.0,0.0,True,True,27,,,,1.0,
00-0040164,Jaylin Lane,WR,WAS,24.3,1.04,36.2,8.3,3.3,0.1,7.35,4.93,15.5,4.04,62.6,28.7,371.9,1.7,8.7,0.0,0.2,0.0,0.0,False,True,13,,,,1.0,
00-0037258,Dameon Pierce,RB,PHI,26.5,1.02,12.9,1.1,1.0,6.0,5.08,4.56,14.5,4.3,62.3,10.5,73.4,0.4,401.2,1.2,0.1,0.0,0.0,True,True,12,,,,1.008,OL by his own gap mix: 49 pctl (L36/M29/R36 split) + team pass game 62 pctl
00-0040184,KeAndre Lambert-Smith,WR,LAC,24.9,1.06,18.8,3.6,3.2,0.1,6.88,4.91,15.0,4.15,62.3,27.8,333.4,2.4,6.5,0.0,0.2,0.0,0.0,False,True,7,,,,1.0,
00-0038115,Daniel Bellinger,TE,TEN,25.9,1.04,46.6,5.8,2.6,0.0,8.45,2.75,15.0,4.14,62.1,28.7,332.1,2.4,0.9,0.0,0.1,0.0,0.0,True,True,19,,,,1.0,
00-0039521,Xavier Weaver,WR,ARI,25.9,1.06,41.9,4.5,3.3,0.1,6.86,4.91,15.0,4.13,61.9,29.2,340.9,2.1,6.1,0.0,0.2,0.0,0.0,False,True,8,,,,1.0,
00-0036265,AJ Dillon,RB,CAR,28.3,0.9,11.9,1.5,1.2,4.8,5.67,4.28,14.5,4.26,61.8,13.7,99.9,0.5,305.8,1.9,0.2,0.0,0.0,True,True,6,,,,1.032,OL by his own gap mix: 76 pctl (L33/M8/R58 split) + team pass game 25 pctl
00-0033555,Mack Hollins,WR,NE,33.0,0.74,67.4,14.2,3.1,0.1,8.06,4.9,13.5,4.56,61.6,28.1,340.0,2.2,3.4,0.0,0.1,0.0,0.0,False,True,30,,,,1.0,
00-0040488,Carter Runyon,TE,LV,25.1,1.0,6.2,2.0,3.1,0.1,6.73,2.75,14.5,4.23,61.3,32.4,304.0,2.3,2.9,0.1,0.5,0.0,0.0,False,True,1,,,,1.0,
00-0040244,Moliki Matavao,TE,NO,23.5,0.95,21.3,7.4,3.1,0.1,6.73,2.75,14.5,4.21,61.1,32.4,302.3,2.3,2.7,0.1,0.5,0.0,0.0,False,True,1,,,,1.0,
00-0039589,Kameron Johnson,WR,TB,24.5,1.04,10.4,1.3,2.8,0.4,7.76,4.96,15.0,4.06,60.9,24.9,320.6,2.2,26.1,0.1,0.2,0.0,0.0,False,True,8,,,,1.0,
00-0040131,Kyle Williams,WR,NE,23.8,1.04,30.8,5.0,2.7,0.2,8.34,4.84,15.5,3.92,60.7,23.6,343.9,2.1,12.7,0.1,0.2,0.0,0.0,False,True,13,,,,1.0,
00-0038498,E.J. Jenkins,TE,PHI,27.8,1.06,16.9,4.0,3.0,0.1,6.67,2.75,14.5,4.17,60.5,30.7,292.4,2.5,2.6,0.1,0.4,0.0,0.0,False,True,2,,,,1.0,
00-0040058,Nick Kallerup,TE,SEA,25.4,1.0,23.6,2.1,3.1,0.1,6.66,2.75,14.5,4.17,60.5,31.4,301.1,2.3,2.9,0.1,0.5,0.0,0.0,False,True,1,,,,1.0,
00-0038824,Ryan Miller,WR,NYG,26.5,1.06,24.8,3.7,2.8,0.1,7.42,4.91,15.0,4.01,60.2,25.5,314.2,2.6,4.7,0.0,0.2,0.0,0.0,False,True,12,,,,1.0,
00-0040628,Drake Dabney,TE,GB,24.3,0.95,51.5,20.0,3.1,0.1,6.58,2.75,14.5,4.14,60.0,31.5,295.6,2.3,2.7,0.1,0.5,0.0,0.0,False,True,1,,,,1.0,
00-0037755,Jelani Woods,TE,NYJ,27.9,1.06,22.7,4.5,3.2,0.1,6.47,2.75,14.5,4.14,60.0,31.4,296.0,2.3,2.6,0.1,0.4,0.0,0.0,False,True,2,,,,1.0,
00-0039751,Jordan Whittington,WR,LA,25.9,1.06,38.9,5.2,3.1,0.2,7.8,4.89,15.5,3.85,59.6,32.5,373.0,0.6,18.6,0.1,0.1,0.0,0.0,False,True,19,,,,1.0,
00-0036754,Brock Wright,TE,DET,27.8,1.06,55.1,7.7,3.0,0.0,6.03,2.75,14.5,4.1,59.5,29.8,259.1,3.1,0.9,0.0,0.1,0.0,0.0,False,True,17,,,,1.0,
00-0034419,Braxton Berrios,WR,NYG,30.9,0.89,22.2,3.7,3.4,0.1,6.65,4.91,14.0,4.24,59.4,29.6,319.3,2.0,6.1,0.0,0.3,0.0,0.0,True,True,5,,,,1.0,
00-0040736,Mason Taylor,TE,NYJ,22.3,0.8,81.1,17.2,3.6,0.0,6.14,2.75,15.0,3.95,59.3,37.4,332.8,1.2,0.9,0.0,0.2,0.0,0.0,False,True,13,,,,1.0,
00-0036556,Brevin Jordan,TE,HOU,26.1,1.04,47.5,4.7,3.1,0.1,6.53,2.75,14.5,4.09,59.3,31.8,293.2,2.2,2.6,0.1,0.4,0.0,0.0,False,True,2,,,,1.0,
00-0040729,Jack Bech,WR,LV,23.7,1.04,39.8,8.0,3.3,0.1,7.64,4.91,15.5,3.82,59.2,32.7,387.3,0.6,4.8,0.0,0.2,0.0,0.0,False,True,12,,,,1.0,
00-0033881,Evan Engram,TE,DEN,32.0,0.87,47.9,16.0,4.2,0.0,6.18,2.8,13.0,4.55,59.2,37.8,340.8,1.0,1.8,0.0,0.1,0.0,0.0,False,True,25,,,,1.0,
00-0036415,Van Jefferson,WR,WAS,30.1,0.95,60.5,11.5,3.4,0.0,7.03,4.91,14.5,4.07,59.0,28.9,347.8,1.6,2.1,0.0,0.1,0.0,0.0,True,True,29,,,,1.0,
00-0040009,Savion Williams,WR,GB,24.8,1.06,11.5,2.6,2.3,0.8,7.62,4.74,15.5,3.8,58.9,24.9,277.1,1.9,55.4,0.3,0.2,0.0,0.0,False,True,11,,,,1.0,
00-0035594,Travis Homer,RB,PIT,28.1,0.9,7.6,1.0,1.2,4.8,5.48,4.05,14.5,4.06,58.9,13.8,97.7,0.5,278.6,1.9,0.2,0.0,0.0,True,True,5,,,,0.996,OL by his own gap mix: 47 pctl (L0/M0/R100 split) + team pass game 53 pctl
00-0037741,Jahan Dotson,WR,ATL,26.4,1.06,57.3,8.4,3.0,0.1,7.27,4.97,15.5,3.79,58.8,26.4,343.7,1.8,4.1,0.0,0.1,0.0,0.0,True,True,28,,,,1.0,
00-0039796,Rasheen Ali,RB,BAL,25.5,1.02,12.1,3.2,1.6,3.7,5.62,4.06,14.5,4.04,58.6,18.1,132.9,0.7,230.6,1.5,0.1,0.0,0.0,False,True,12,,,,1.052,OL by his own gap mix: 84 pctl (L43/M14/R43 split) + team pass game 28 pctl
00-0039824,Jared Wiley,TE,KC,25.8,1.04,12.6,2.4,3.0,0.1,6.73,2.75,14.5,4.04,58.6,31.1,289.4,2.2,2.6,0.1,0.4,0.0,0.0,False,True,2,,,,1.0,
00-0035249,Josh Oliver,TE,MIN,29.4,1.04,48.5,6.9,2.3,0.0,7.74,2.75,15.0,3.9,58.5,25.5,264.4,3.2,0.7,0.0,0.1,0.0,0.0,False,True,23,,,,1.0,
00-0039907,Ja'Lynn Polk,WR,NO,24.4,1.04,46.1,8.0,3.3,0.1,5.49,4.86,15.0,3.89,58.3,25.4,273.2,2.9,8.3,0.0,0.2,0.0,0.0,False,True,13,,,,1.0,
00-0040363,Keleki Latu,TE,BUF,24.1,0.95,23.4,4.7,2.9,0.1,6.97,2.75,14.5,4.02,58.3,31.4,297.8,2.1,2.4,0.0,0.4,0.0,0.0,False,True,2,,,,1.0,
00-0039407,Dylan Laube,RB,LV,26.7,0.97,2.6,0.8,1.5,5.3,5.48,3.93,14.5,4.01,58.2,14.7,105.7,0.5,264.4,1.8,0.2,0.0,0.0,False,True,5,,,,0.876,OL by his own gap mix: 7 pctl (L29/M0/R71 split) + team pass game 12 pctl
00-0036637,Noah Gray,TE,KC,27.3,1.06,53.6,8.5,3.2,0.0,6.47,2.7,15.0,3.88,58.2,32.4,310.4,1.8,1.4,0.0,0.1,0.0,0.0,False,True,29,,,,1.0,
00-0038643,Brayden Willis,TE,SF,26.8,1.06,3.1,0.6,3.1,0.1,6.44,2.75,14.5,4.01,58.1,30.2,289.6,2.2,2.6,0.1,0.4,0.0,0.0,False,True,2,,,,1.0,
00-0040581,Dont'e Thornton Jr.,WR,LV,23.8,1.04,,9.9,3.5,0.1,6.35,4.91,15.5,3.74,58.0,27.5,346.9,1.5,5.1,0.0,0.2,0.0,0.0,False,True,11,,,,1.0,
00-0032775,Demarcus Robinson,WR,SF,31.9,0.82,58.7,8.9,2.6,0.1,7.79,4.93,14.5,3.96,57.4,22.2,296.6,2.7,4.0,0.0,0.1,0.0,0.0,False,True,31,,,,1.0,
00-0040194,Jackson Hawes,TE,BUF,25.7,1.04,43.9,5.7,2.2,0.0,7.71,2.75,15.0,3.83,57.4,24.5,252.1,3.3,1.1,0.0,0.2,0.0,0.0,False,True,13,,,,1.0,
00-0039074,Davis Allen,TE,LA,25.6,1.04,47.6,6.1,2.6,0.0,6.31,2.75,15.0,3.81,57.2,27.0,244.0,3.2,0.8,0.0,0.1,0.0,0.0,False,True,21,,,,1.0,
00-0038738,Hunter Luepke,RB,DAL,26.5,1.02,24.1,3.3,1.5,2.8,6.23,4.17,15.0,3.81,57.2,18.9,148.6,1.3,184.5,1.1,0.1,0.0,0.0,False,True,24,,,,1.054,OL by his own gap mix: 60 pctl (L25/M62/R12 split) + team pass game 88 pctl
00-0034981,Foster Moreau,TE,HOU,29.3,1.04,51.7,6.7,2.5,0.0,7.57,2.75,14.5,3.92,56.8,26.1,274.7,2.7,0.7,0.0,0.1,0.0,0.0,True,True,22,,,,1.0,
00-0038396,Eric Gray,RB,NYG,26.8,0.97,9.5,2.5,1.4,4.0,5.95,3.92,14.5,3.91,56.7,17.0,128.1,0.5,233.7,1.5,0.2,0.0,0.0,False,True,10,,,,1.033,OL by his own gap mix: 68 pctl (L36/M27/R37 split) + team pass game 45 pctl
00-0035359,David Sills,WR,TB,31.3,0.89,15.3,10.1,3.1,0.1,6.57,4.91,14.5,3.9,56.5,25.8,299.7,2.2,3.8,0.0,0.2,0.0,0.0,True,True,12,,,,1.0,
00-0037005,Tommy Tremble,TE,CAR,26.2,1.04,61.7,9.3,2.9,0.0,6.86,2.75,15.0,3.76,56.4,31.4,298.6,1.8,0.7,0.0,0.1,0.0,0.0,False,True,25,,,,1.0,
00-0037004,Hunter Long,TE,JAX,28.0,1.06,35.8,5.6,2.7,0.0,6.22,2.75,14.5,3.88,56.3,27.4,239.0,3.1,1.1,0.0,0.2,0.0,0.0,False,True,14,,,,1.0,
00-0030506,Travis Kelce,TE,KC,36.9,0.52,82.7,21.0,3.3,0.0,7.21,2.71,13.0,4.32,56.2,30.7,311.5,1.6,1.2,0.0,0.1,0.0,0.0,False,True,33,,,,1.0,
00-0037276,Ty Chandler,RB,NO,28.3,0.9,16.6,2.6,1.3,6.5,5.32,3.65,14.5,3.88,56.2,12.8,87.3,0.4,308.2,1.3,0.1,0.0,0.0,True,True,12,,,,0.895,OL by his own gap mix: 13 pctl (L18/M35/R47 split) + team pass game 19 pctl
00-0039623,Mason Tipton,WR,NO,25.9,1.06,37.6,6.8,3.6,0.4,5.94,4.89,15.0,3.73,56.0,32.6,316.6,0.8,26.5,0.1,0.2,0.0,0.0,False,True,15,,,,1.0,
00-0040208,Tahj Brooks,RB,CIN,24.3,1.05,4.5,0.5,1.3,5.9,5.53,3.97,14.5,3.83,55.6,13.9,101.8,0.5,336.3,0.3,0.2,0.0,0.0,False,True,6,,,,0.985,OL by his own gap mix: 50 pctl (L25/M25/R50 split) + team pass game 33 pctl
00-0033589,David Moore,WR,CAR,31.6,0.82,48.6,9.5,2.9,0.1,6.8,5.02,14.0,3.96,55.5,24.4,278.5,2.3,10.3,0.1,0.1,0.0,0.0,False,True,16,,,,1.0,
STO806346,Eli Stowers,TE,PHI,,1.0,,,0.0,0.0,0.0,0.0,13.0,4.26,55.4,28.7,290.5,2.0,0.0,0.0,0.0,0.0,0.0,False,True,0,True,54.0,Round 2,1.0,
00-0036630,Tylan Wallace,WR,CLE,27.3,1.05,23.7,3.1,2.5,0.1,8.23,4.91,15.0,3.69,55.3,23.4,305.4,2.1,4.2,0.0,0.2,0.0,0.0,True,True,14,,,,1.0,
00-0034270,Tyler Conklin,TE,DET,31.1,0.94,51.7,8.8,3.0,0.1,7.04,2.71,13.5,4.09,55.2,29.1,289.3,1.8,3.6,0.1,0.1,0.0,0.0,True,True,22,,,,1.0,
00-0040218,Jimmy Horn Jr.,WR,CAR,24.0,1.04,,6.4,2.8,0.6,7.49,5.21,15.5,3.55,55.0,27.7,321.5,0.5,47.7,0.2,0.2,0.0,0.0,False,True,10,,,,1.0,
00-0038397,Evan Hull,RB,HOU,25.8,1.02,19.2,0.8,1.2,6.0,5.59,3.89,14.5,3.77,54.7,12.4,89.9,0.5,322.9,0.7,0.2,0.0,0.0,True,True,6,,,,0.952,OL by his own gap mix: 25 pctl (L32/M37/R32 split) + team pass game 56 pctl
00-0034272,Marquez Valdes-Scantling,WR,DAL,31.9,0.82,50.4,9.5,2.9,0.1,6.72,4.91,14.5,3.74,54.3,22.1,285.1,2.4,3.6,0.0,0.1,0.0,0.0,True,True,22,,,,1.0,
00-0038496,Xavier Gipson,WR,NYG,25.5,1.06,11.7,1.5,2.8,0.1,6.78,4.91,15.0,3.61,54.2,26.4,280.0,2.0,9.7,0.0,0.2,0.0,0.0,False,True,9,,,,1.0,
00-0040509,Ben Yurosek,TE,MIN,24.5,0.95,16.6,1.7,2.8,0.1,6.67,2.75,14.5,3.73,54.1,29.0,273.8,2.0,2.4,0.0,0.4,0.0,0.0,False,True,2,,,,1.0,
00-0037340,Zaire Mitchell-Paden,TE,NO,27.0,1.06,22.9,4.1,2.8,0.1,6.74,2.75,14.5,3.73,54.1,28.8,274.1,2.0,2.3,0.0,0.4,0.0,0.0,False,True,3,,,,1.0,
00-0036425,DeeJay Dallas,RB,JAX,28.0,0.9,5.3,0.5,1.1,4.1,5.29,4.41,14.5,3.7,53.7,11.9,84.1,0.5,267.3,1.6,0.2,0.0,0.0,False,True,8,,,,1.021,OL by his own gap mix: 52 pctl (L0/M67/R33 split) + team pass game 69 pctl
BLA097235,Kaelon Black,RB,SF,,1.0,,,0.0,0.0,0.0,0.0,12.5,4.3,53.7,10.7,69.7,0.0,323.5,1.5,0.0,0.0,0.0,False,True,0,True,90.0,Round 3,1.02,OL by his own gap mix: 46 pctl (L36/M27/R37 split) + team pass game 81 pctl
00-0036862,Ben Skowronek,WR,PIT,29.2,1.0,15.5,1.5,2.4,0.1,8.44,4.91,15.0,3.57,53.6,23.0,302.1,1.9,5.0,0.0,0.2,0.0,0.0,False,True,10,,,,1.0,
00-0039686,Colson Yankoff,TE,WAS,26.5,1.04,12.6,1.1,2.8,0.1,6.76,2.75,14.5,3.68,53.3,28.2,269.7,2.0,2.3,0.0,0.4,0.0,0.0,False,True,3,,,,1.0,
00-0039356,Ja'Tavion Sanders,TE,CAR,23.4,0.88,51.2,9.6,2.7,0.0,6.56,2.75,15.0,3.53,53.0,31.9,268.1,1.7,0.6,0.0,0.1,0.0,0.0,False,True,26,,,,1.0,
00-0039746,Will Shipley,RB,PHI,24.0,1.05,11.4,2.6,1.4,4.0,5.47,3.9,15.0,3.52,52.8,16.4,116.8,0.5,239.0,1.0,0.1,0.0,0.0,False,True,16,,,,1.014,OL by his own gap mix: 52 pctl (L36/M21/R43 split) + team pass game 62 pctl
00-0033110,Tyler Higbee,TE,LA,33.7,0.7,52.6,11.2,2.7,0.0,7.17,2.75,13.0,4.06,52.8,24.4,249.6,2.6,0.7,0.0,0.2,0.0,0.0,False,True,12,,,,1.0,
00-0038098,Pierre Strong,RB,GB,27.7,0.9,19.2,4.8,1.8,4.1,5.3,4.18,14.5,3.63,52.7,20.2,147.7,0.2,260.5,0.1,0.1,0.0,0.0,False,True,11,,,,1.046,OL by his own gap mix: 52 pctl (L36/M27/R37 split) + team pass game 97 pctl
00-0039379,Jamari Thrash,WR,CLE,25.7,1.06,32.2,5.1,2.7,0.1,7.2,4.91,15.0,3.48,52.2,25.4,294.4,1.6,4.2,0.0,0.2,0.0,0.0,False,True,14,,,,1.0,
00-0034386,Justin Watson,WR,HOU,30.4,0.95,55.2,6.5,2.6,0.0,8.07,4.91,14.0,3.72,52.1,24.0,295.6,1.7,3.1,0.0,0.1,0.0,0.0,False,True,17,,,,1.0,
00-0037348,Tanner Conner,TE,NYG,28.5,1.06,31.1,5.8,2.8,0.0,6.52,2.75,14.5,3.56,51.6,27.9,267.2,1.8,1.4,0.0,0.2,0.0,0.0,False,True,9,,,,1.0,
00-0038090,Skyy Moore,WR,GB,26.0,1.06,11.0,1.5,2.3,0.2,8.08,4.93,15.5,3.32,51.5,21.9,287.9,1.6,15.8,0.1,0.2,0.0,0.0,True,True,11,,,,1.0,
00-0032392,Austin Hooper,TE,ATL,31.8,0.87,50.9,8.9,2.3,0.0,8.25,2.75,14.0,3.67,51.4,24.8,269.8,2.0,0.5,0.0,0.1,0.0,0.0,True,True,30,,,,1.0,
00-0038752,Jake Bobo,WR,SEA,28.1,1.03,25.6,3.0,2.5,0.1,7.44,4.91,15.0,3.42,51.3,25.0,275.9,1.8,4.3,0.0,0.2,0.0,0.0,False,True,13,,,,1.0,
00-0039420,Jaheim Bell,TE,PIT,25.2,1.0,8.6,2.2,2.6,0.1,6.8,2.75,14.5,3.54,51.3,27.1,261.0,1.9,2.2,0.0,0.4,0.0,0.0,False,True,3,,,,1.0,
00-0039814,Erick All,TE,CIN,26.0,1.04,41.9,8.6,3.2,0.0,6.93,2.75,14.5,3.53,51.2,35.8,319.7,0.2,1.5,0.0,0.2,0.0,0.0,False,True,8,,,,1.0,
00-0039458,Brenden Bates,TE,CLE,26.9,1.06,25.2,3.8,2.6,0.0,7.05,2.75,14.5,3.52,51.0,26.9,265.6,1.8,1.9,0.0,0.3,0.0,0.0,False,True,5,,,,1.0,
00-0039920,Malachi Corley,WR,CLE,24.4,1.04,23.4,4.8,2.1,0.8,6.84,5.7,15.5,3.29,51.0,21.8,228.1,1.4,70.9,0.3,0.1,0.0,0.0,False,True,17,,,,1.0,
00-0037085,Tyler Badie,RB,DEN,27.6,0.9,16.9,5.2,1.9,2.6,5.03,4.25,15.0,3.39,50.9,20.6,147.2,0.5,168.6,1.0,0.1,0.0,0.0,False,True,17,,,,1.026,OL by his own gap mix: 52 pctl (L25/M25/R50 split) + team pass game 75 pctl
00-0037539,Lucas Krull,TE,DEN,28.1,1.06,33.7,7.3,2.8,0.0,6.43,2.75,14.5,3.5,50.8,29.0,259.5,1.7,1.2,0.0,0.2,0.0,0.0,False,True,12,,,,1.0,
00-0039648,David Martin-Robinson,TE,TEN,26.7,1.06,13.0,1.7,2.6,0.0,6.48,2.75,14.5,3.47,50.3,26.3,243.2,2.1,1.8,0.0,0.3,0.0,0.0,False,True,6,,,,1.0,
00-0039041,Elijah Higgins,TE,ARI,25.8,1.04,41.3,6.4,2.6,0.0,7.47,2.75,15.0,3.35,50.2,29.7,286.7,1.1,0.6,0.0,0.1,0.0,0.0,False,True,29,,,,1.0,
00-0040142,Kaleb Johnson,RB,PIT,23.0,1.03,9.1,0.7,0.9,5.1,5.53,3.77,15.0,3.33,50.0,10.8,79.7,0.4,294.5,0.8,0.2,0.0,0.0,False,True,10,,,,1.014,OL by his own gap mix: 55 pctl (L29/M25/R46 split) + team pass game 53 pctl
BOE586077,Nate Boerkircher,TE,JAX,,1.0,,,0.0,0.0,0.0,0.0,13.0,3.82,49.6,25.7,259.6,1.8,0.0,0.0,0.0,0.0,0.0,False,True,0,True,56.0,Round 2,1.0,
BEL267684,Chris Bell,WR,MIA,,1.0,,,0.0,0.0,0.0,0.0,12.5,3.96,49.5,22.3,301.9,1.3,3.6,0.0,0.0,0.0,0.0,False,True,0,True,94.0,Round 3,1.0,
00-0038685,Chris Brooks,RB,GB,26.6,0.97,20.0,3.8,1.3,3.4,5.48,4.25,15.0,3.3,49.5,16.3,115.6,0.4,226.3,0.8,0.1,0.0,0.0,False,True,25,,,,1.048,OL by his own gap mix: 53 pctl (L33/M30/R37 split) + team pass game 97 pctl
DOU210628,Caleb Douglas,WR,MIA,,1.0,,,0.0,0.0,0.0,0.0,12.5,3.96,49.5,22.3,301.9,1.3,3.6,0.0,0.0,0.0,0.0,False,True,0,True,75.0,Round 3,1.0,
00-0036331,Devin Duvernay,WR,ARI,29.0,1.0,14.5,2.4,2.6,0.2,6.77,4.77,15.0,3.29,49.4,23.1,260.8,1.6,15.6,0.1,0.2,0.0,0.0,True,True,13,,,,1.0,
00-0036590,Quintin Morris,TE,JAX,27.6,1.06,22.4,3.0,2.5,0.0,6.49,2.75,14.5,3.4,49.3,25.5,238.3,2.1,1.3,0.0,0.2,0.0,0.0,False,True,10,,,,1.0,
WIL143106,Antonio Williams,WR,WAS,,1.0,,,0.0,0.0,0.0,0.0,12.5,3.94,49.3,22.2,300.4,1.3,3.6,0.0,0.0,0.0,0.0,False,True,0,True,71.0,Round 3,1.0,
00-0040187,Mitchell Evans,TE,CAR,23.3,0.88,37.4,6.4,2.1,0.1,6.82,2.73,15.0,3.28,49.2,23.2,217.1,2.5,2.8,0.1,0.2,0.0,0.0,False,True,13,,,,1.0,
00-0038809,Ben Sims,TE,MIA,26.3,1.04,15.7,6.9,2.6,0.0,6.61,2.75,14.5,3.39,49.2,26.0,252.6,1.8,1.6,0.0,0.3,0.0,0.0,True,True,7,,,,1.0,
00-0040238,LeQuint Allen Jr.,RB,JAX,22.1,1.0,,2.1,1.2,3.7,5.45,4.16,15.0,3.27,49.1,14.3,98.5,0.4,236.9,1.0,0.1,0.0,0.0,False,True,14,,,,1.016,OL by his own gap mix: 50 pctl (L22/M52/R26 split) + team pass game 69 pctl
00-0038573,Derius Davis,WR,LAC,26.0,1.06,13.2,2.3,2.1,0.6,7.05,4.7,15.0,3.26,48.9,20.9,227.1,1.7,43.6,0.2,0.1,0.0,0.0,False,True,16,,,,1.0,
00-0035021,Ashton Dulin,WR,IND,29.3,1.0,20.8,2.6,2.2,0.4,8.33,5.49,15.0,3.25,48.8,18.1,269.3,1.5,32.4,0.1,0.1,0.0,0.0,False,True,16,,,,1.0,
00-0037086,Grant Calcaterra,TE,PHI,27.7,1.06,50.8,6.8,2.4,0.0,7.31,2.75,14.5,3.32,48.2,25.2,253.2,1.7,0.8,0.0,0.1,0.0,0.0,False,True,21,,,,1.0,
00-0034613,Tanner Hudson,TE,CIN,31.8,0.87,15.0,6.4,2.3,0.0,6.86,2.73,14.0,3.44,48.2,24.8,224.8,2.2,1.5,0.0,0.1,0.0,0.0,False,True,19,,,,1.0,
00-0036422,Adam Trautman,TE,DEN,29.6,1.0,55.5,4.9,2.3,0.0,7.67,2.75,15.0,3.15,47.2,25.4,260.0,1.4,0.7,0.0,0.1,0.0,0.0,False,True,24,,,,1.0,
00-0039050,Payne Durham,TE,TB,26.2,1.04,34.5,2.8,2.5,0.0,6.62,2.75,14.5,3.26,47.2,24.1,236.0,1.9,1.4,0.0,0.2,0.0,0.0,False,True,9,,,,1.0,
JOH224817,Emmett Johnson,RB,KC,,1.0,,,0.0,0.0,0.0,0.0,12.0,3.92,47.1,12.3,99.1,0.0,238.2,1.2,0.0,0.0,0.0,False,True,0,True,161.0,Rd 4-5,1.018,OL by his own gap mix: 55 pctl (L36/M27/R37 split) + team pass game 59 pctl
KLE258860,Marlin Klein,TE,HOU,,1.0,,,0.0,0.0,0.0,0.0,13.0,3.62,47.1,24.4,246.6,1.7,0.0,0.0,0.0,0.0,0.0,False,True,0,True,59.0,Round 2,1.0,
00-0033526,Samaje Perine,RB,CIN,31.0,0.64,31.9,4.8,1.1,3.2,5.94,4.4,14.0,3.36,47.1,12.5,94.4,0.3,200.3,1.6,0.1,0.0,0.0,False,True,31,,,,1.007,OL by his own gap mix: 61 pctl (L36/M26/R38 split) + team pass game 33 pctl
00-0038046,Charlie Kolar,TE,LAC,27.6,1.06,38.2,4.4,2.0,0.0,7.98,2.74,15.0,3.12,46.8,21.6,244.0,1.9,1.9,0.0,0.1,0.0,0.0,True,True,18,,,,1.0,
00-0038938,Jalin Hyatt,WR,NYG,24.9,1.06,30.4,6.7,3.2,0.1,5.46,4.91,15.0,3.11,46.7,24.6,261.8,1.3,4.0,0.0,0.2,0.0,0.0,False,True,15,,,,1.0,
00-0039631,Cam Grandy,TE,CIN,26.8,1.06,11.1,3.3,2.4,0.0,6.52,2.75,14.5,3.21,46.5,26.3,229.8,1.7,1.8,0.0,0.3,0.0,0.0,False,True,6,,,,1.0,
00-0037120,Tyler Goodson,RB,ATL,25.8,1.02,7.7,1.5,1.2,3.9,5.12,4.12,14.5,3.18,46.1,12.9,87.4,0.5,225.1,0.9,0.1,0.0,0.0,True,True,16,,,,0.955,OL by his own gap mix: 34 pctl (L44/M11/R44 split) + team pass game 38 pctl
00-0038589,Josh Whyle,TE,GB,27.0,1.06,35.9,6.6,2.3,0.0,6.67,2.75,14.5,3.17,46.0,25.1,225.9,1.8,0.8,0.0,0.1,0.0,0.0,False,True,20,,,,1.0,
00-0040582,Arian Smith,WR,NYJ,24.9,1.06,38.2,4.5,2.6,0.3,6.44,4.84,15.5,2.96,45.9,22.7,256.6,1.0,22.5,0.1,0.2,0.0,0.0,False,True,12,,,,1.0,
00-0036232,Harrison Bryant,TE,SEA,28.4,1.06,22.7,4.5,2.6,0.0,6.04,2.75,14.5,3.17,45.9,25.2,230.0,1.7,1.4,0.0,0.2,0.0,0.0,True,True,9,,,,1.0,
00-0033375,Tim Patrick,WR,NYJ,32.8,0.74,40.4,7.1,2.0,0.0,8.0,4.91,13.5,3.4,45.9,17.5,214.3,2.6,1.6,0.0,0.1,0.0,0.0,True,True,27,,,,1.0,
00-0040739,Elijah Arroyo,TE,SEA,23.4,0.88,39.5,7.9,2.2,0.0,6.84,2.75,15.0,3.05,45.7,21.5,222.4,2.1,1.0,0.0,0.2,0.0,0.0,False,True,13,,,,1.0,
00-0039144,Luke Musgrave,TE,GB,26.0,1.04,38.3,7.9,2.6,0.0,7.24,2.75,15.0,3.05,45.7,28.7,282.2,0.5,0.8,0.0,0.1,0.0,0.0,False,True,20,,,,1.0,
00-0032464,Kalif Raymond,WR,CHI,32.1,0.82,34.1,6.2,2.4,0.1,8.71,4.98,13.5,3.38,45.6,22.8,278.6,0.9,9.7,0.0,0.1,0.0,0.0,True,True,22,,,,1.0,
00-0034365,Ian Thomas,TE,LV,30.2,1.0,35.7,4.9,2.5,0.0,7.02,2.75,13.5,3.37,45.5,25.8,234.5,1.5,1.2,0.0,0.2,0.0,0.0,False,True,10,,,,1.0,
00-0034418,Cedrick Wilson Jr.,WR,DET,30.8,0.89,37.2,6.1,2.4,0.0,7.15,4.91,14.0,3.25,45.5,21.4,241.3,1.4,3.0,0.0,9.0,0.4,0.0,True,True,16,,,,1.0,
00-0033757,Robert Tonyan,TE,PIT,32.3,0.87,11.1,1.2,2.7,0.1,6.68,2.75,12.5,3.62,45.2,24.3,226.5,1.7,2.1,0.0,0.4,0.0,0.0,True,True,1,,,,1.0,
00-0036628,John Bates,TE,WAS,28.8,1.04,49.0,5.7,2.1,0.0,6.66,2.75,15.0,2.99,44.8,22.4,214.7,2.0,0.9,0.0,0.1,0.0,0.0,False,True,19,,,,1.0,
00-0039359,Cade Stover,TE,HOU,26.2,1.04,42.3,7.2,2.6,0.3,6.05,2.61,14.5,3.08,44.7,27.1,228.3,1.0,11.1,0.2,0.1,0.0,0.0,False,True,19,,,,1.0,
00-0036825,Feleipe Franks,TE,CAR,28.7,1.04,2.5,0.3,2.2,0.3,6.69,2.72,14.5,3.07,44.5,21.7,209.0,1.6,13.2,0.3,0.3,0.0,0.0,True,True,5,,,,1.0,
00-0039912,Ben Sinnott,TE,WAS,24.2,0.95,34.4,6.1,2.1,0.0,7.25,2.75,14.5,3.01,43.7,22.9,219.4,1.7,1.1,0.0,0.2,0.0,0.0,False,True,12,,,,1.0,
00-0039530,Brevyn Spann-Ford,TE,DAL,26.7,1.06,25.0,2.6,2.2,0.0,6.78,2.75,15.0,2.91,43.7,22.7,220.5,1.7,1.0,0.0,0.2,0.0,0.0,False,True,16,,,,1.0,
00-0039737,Tip Reiman,TE,ARI,25.0,1.0,38.8,4.2,2.4,0.0,6.25,2.75,14.5,3.0,43.5,24.4,215.4,1.6,1.4,0.0,0.2,0.0,0.0,False,True,8,,,,1.0,
00-0033455,Anthony Firkser,TE,WAS,31.5,0.87,39.7,5.3,2.4,0.0,6.53,2.75,13.5,3.2,43.2,23.9,215.0,1.6,1.5,0.0,0.3,0.0,0.0,True,True,5,,,,1.0,
FIE775129,Malachi Fields,WR,NYG,,1.0,,,0.0,0.0,0.0,0.0,12.5,3.45,43.1,19.6,264.3,1.1,3.1,0.0,0.0,0.0,0.0,False,True,0,True,74.0,Round 3,1.0,
00-0037805,Jeremy Ruckert,TE,NYJ,26.1,1.04,44.1,7.0,2.5,0.0,6.05,2.75,15.0,2.87,43.1,27.9,230.9,1.0,0.7,0.0,0.1,0.0,0.0,False,True,26,,,,1.0,
00-0038394,Will Mallory,TE,IND,27.2,1.06,13.9,3.6,2.2,0.0,6.74,2.75,14.5,2.97,43.0,22.6,219.8,1.6,1.5,0.0,0.2,0.0,0.0,False,True,8,,,,1.0,
00-0038783,Nate Adkins,TE,DEN,27.1,1.06,35.1,4.1,2.2,0.0,6.34,2.75,14.5,2.97,43.0,22.0,198.7,2.0,0.9,0.0,0.1,0.0,0.0,False,True,18,,,,1.0,
00-0037594,Julius Chestnut,RB,TEN,25.8,1.02,4.9,0.6,0.9,4.1,5.19,4.16,14.5,2.94,42.6,8.4,61.0,0.3,226.6,1.3,0.1,0.0,0.0,False,True,14,,,,0.917,OL by his own gap mix: 29 pctl (L27/M36/R36 split) + team pass game 6 pctl
00-0036887,Luke Farrell,TE,SF,28.9,1.04,35.7,3.6,2.1,0.0,6.22,2.75,15.0,2.83,42.4,23.3,198.9,1.8,0.9,0.0,0.1,0.0,0.0,False,True,19,,,,1.0,
00-0038547,Luke Schoonmaker,TE,DAL,27.9,1.06,33.3,5.3,2.5,0.0,6.45,2.75,15.0,2.81,42.2,25.9,243.4,0.8,0.7,0.0,0.1,0.0,0.0,False,True,24,,,,1.0,
00-0038720,Julian Hill,TE,NE,26.1,1.04,52.7,5.8,2.3,0.0,6.66,2.75,15.0,2.81,42.1,25.1,234.7,1.0,0.8,0.0,0.1,0.0,0.0,True,True,21,,,,1.0,
00-0036741,Jack Stoll,TE,CLE,28.6,1.04,21.6,3.4,2.3,0.0,6.17,2.75,14.5,2.9,42.1,22.0,201.7,1.8,1.3,0.0,0.2,0.0,0.0,True,True,10,,,,1.0,
00-0034487,Trent Sherfield,WR,BUF,30.5,0.95,20.2,3.0,2.2,0.1,7.29,4.91,14.0,2.99,41.9,19.9,225.9,1.5,3.9,0.0,0.2,0.0,0.0,True,True,12,,,,1.0,
HUR541377,Ted Hurst,WR,TB,,1.0,,,0.0,0.0,0.0,0.0,12.5,3.34,41.7,18.8,253.9,1.1,3.0,0.0,0.0,0.0,0.0,False,True,0,True,84.0,Round 3,1.0,
THO417520,Zavion Thomas,WR,CHI,,1.0,,,0.0,0.0,0.0,0.0,12.5,3.34,41.7,18.8,253.9,1.1,3.0,0.0,0.0,0.0,0.0,False,True,0,True,89.0,Round 3,1.0,
00-0037292,Andrew Ogletree,TE,IND,28.1,1.06,32.6,3.2,2.1,0.0,6.6,2.75,14.5,2.86,41.4,21.0,200.3,1.8,1.0,0.0,0.2,0.0,0.0,False,True,15,,,,1.0,
00-0036876,Kylen Granson,TE,TEN,28.4,1.06,33.7,5.0,2.7,0.0,6.09,2.75,14.5,2.86,41.4,25.4,237.9,0.8,0.9,0.0,0.1,0.0,0.0,True,True,18,,,,1.0,
THO495568,Brenen Thompson,WR,LAC,,1.0,,,0.0,0.0,0.0,0.0,12.5,3.31,41.4,18.7,252.0,1.1,3.0,0.0,0.0,0.0,0.0,False,True,0,True,105.0,Round 3,1.0,
00-0039062,Jonathan Mingo,WR,DAL,25.4,1.06,32.5,6.2,2.9,0.1,6.0,4.87,15.0,2.75,41.3,21.3,256.8,0.7,8.0,0.0,0.1,0.0,0.0,False,True,19,,,,1.0,
BRA531428,Zachariah Branch,WR,ATL,,1.0,,,0.0,0.0,0.0,0.0,12.5,3.3,41.3,18.6,251.4,1.1,3.0,0.0,0.0,0.0,0.0,False,True,0,True,79.0,Round 3,1.0,
LAN311008,Ja'Kobi Lane,WR,BAL,,1.0,,,0.0,0.0,0.0,0.0,12.5,3.28,41.0,18.4,249.1,1.1,3.0,0.0,0.0,0.0,0.0,False,True,0,True,80.0,Round 3,1.0,
KLA269938,Max Klare,TE,LA,,1.0,,,0.0,0.0,0.0,0.0,13.0,3.07,39.9,20.8,210.7,1.4,0.0,0.0,0.0,0.0,0.0,False,True,0,True,61.0,Round 2,1.0,
00-0036429,Charlie Woerner,TE,ATL,28.9,1.04,47.8,4.4,2.2,0.0,6.17,2.75,14.5,2.72,39.5,23.1,194.4,1.4,1.0,0.0,0.2,0.0,0.0,False,True,14,,,,1.0,
00-0033955,Jeremy McNichols,RB,WAS,30.7,0.64,29.1,6.4,1.1,2.6,5.66,4.56,14.0,2.76,38.6,12.0,86.6,0.1,161.7,1.2,0.1,0.0,0.0,False,True,30,,,,0.991,OL by his own gap mix: 50 pctl (L52/M32/R16 split) + team pass game 41 pctl
00-0031235,Odell Beckham Jr.,WR,NYG,33.8,0.66,20.2,7.4,2.2,0.1,6.19,4.91,13.0,2.89,37.6,16.4,176.9,1.9,3.3,0.0,0.2,0.0,0.0,False,True,8,,,,1.0,
00-0035631,Drew Sample,TE,CIN,30.4,1.0,54.7,5.0,2.2,0.1,6.03,2.7,14.0,2.63,36.8,23.4,187.1,0.9,3.4,0.1,0.1,0.0,0.0,False,True,22,,,,1.0,
BRA836631,Chris Brazzell II,WR,CAR,,1.0,,,0.0,0.0,0.0,0.0,12.5,2.94,36.8,16.5,223.3,1.0,2.7,0.0,0.0,0.0,0.0,False,True,0,True,83.0,Round 3,1.0,
00-0038710,Blake Whiteheart,TE,CLE,26.4,1.04,25.1,2.9,1.9,0.0,5.8,2.75,14.5,2.32,33.7,18.1,161.5,1.4,1.1,0.0,0.2,0.0,0.0,False,True,13,,,,1.0,
RAN022436,Adam Randall,RB,BAL,,1.0,,,0.0,0.0,0.0,0.0,12.0,2.79,33.5,8.7,69.8,0.0,167.8,0.9,0.0,0.0,0.0,False,True,0,True,174.0,Rd 4-5,1.048,OL by his own gap mix: 82 pctl (L36/M27/R37 split) + team pass game 28 pctl
00-0033576,Eric Saubert,TE,SEA,32.3,0.87,36.9,3.2,2.0,0.0,6.42,2.75,12.5,2.58,32.3,17.6,162.2,1.2,0.8,0.0,0.2,0.0,0.0,False,True,12,,,,1.0,
00-0033217,Mo Alie-Cox,TE,IND,33.0,0.79,40.6,6.1,1.7,0.0,6.47,2.75,13.0,2.42,31.4,14.8,143.9,1.6,0.5,0.0,0.1,0.0,0.0,False,True,23,,,,1.0,
00-0030035,Adam Thielen,WR,MIN,36.0,0.5,46.8,10.7,1.8,0.0,7.4,4.91,13.5,2.27,30.7,15.4,180.6,0.8,1.2,0.0,0.1,0.0,0.0,True,True,24,,,,1.0,
00-0033246,Johnny Mundt,TE,PHI,31.8,0.87,37.3,5.8,1.9,0.0,6.22,2.75,14.0,2.16,30.3,16.8,164.4,0.9,0.6,0.0,0.1,0.0,0.0,True,True,24,,,,1.0,
WAS797326,Mike Washington Jr.,RB,LV,,1.0,,,0.0,0.0,0.0,0.0,12.0,2.52,30.2,7.8,63.2,0.0,152.0,0.8,0.0,0.0,0.0,False,True,0,True,122.0,Rd 4-5,0.872,OL by his own gap mix: 5 pctl (L36/M27/R37 split) + team pass game 12 pctl
00-0032104,Ameer Abdullah,RB,JAX,33.2,0.46,18.9,5.7,1.0,1.7,5.63,4.34,13.0,2.29,29.8,10.6,72.1,0.3,94.8,1.0,0.1,0.0,0.0,True,True,25,,,,1.013,OL by his own gap mix: 48 pctl (L7/M36/R57 split) + team pass game 69 pctl
COL293648,Jonah Coleman,RB,DEN,,1.0,,,0.0,0.0,0.0,0.0,12.0,2.44,29.3,7.6,60.8,0.0,146.2,0.8,0.0,0.0,0.0,False,True,0,True,108.0,Rd 4-5,1.041,OL by his own gap mix: 59 pctl (L36/M27/R37 split) + team pass game 75 pctl
00-0034798,Durham Smythe,TE,BAL,31.1,0.94,29.4,3.3,1.8,0.0,5.7,2.75,13.5,2.14,28.9,16.4,139.7,1.1,0.8,0.0,0.1,0.0,0.0,True,True,17,,,,1.0,
00-0031484,Chris Manhertz,TE,NYG,34.4,0.7,23.8,1.7,1.6,0.0,6.64,2.75,12.5,2.12,26.5,13.7,129.8,1.1,1.0,0.0,0.2,0.0,0.0,False,True,6,,,,1.0,
00-0033376,Patrick Ricard,RB,NYG,32.3,0.55,40.3,2.0,0.8,2.1,5.41,4.16,12.5,2.09,26.1,7.1,52.7,0.3,112.6,0.7,0.1,0.0,0.0,True,True,8,,,,1.035,OL by his own gap mix: 69 pctl (L0/M100/R0 split) + team pass game 45 pctl
,Nicholas Singleton,RB,TEN,,1.0,,,0.0,0.0,0.0,0.0,12.0,2.14,25.7,6.7,53.3,0.0,128.2,0.7,0.0,0.0,0.0,False,True,0,True,165.0,Rd 4-5,0.913,OL by his own gap mix: 27 pctl (L36/M27/R37 split) + team pass game 6 pctl
KAC282861,Will Kacmarek,TE,MIA,,1.0,,,0.0,0.0,0.0,0.0,9.0,2.54,22.9,11.3,124.5,0.8,0.0,0.0,0.0,0.0,0.0,False,True,0,True,87.0,Round 3,1.0,
ROU550040,Sam Roush,TE,CHI,,1.0,,,0.0,0.0,0.0,0.0,9.0,2.16,19.4,9.5,104.7,0.7,0.0,0.0,0.0,0.0,0.0,False,True,0,True,69.0,Round 3,1.0,
RAR148318,Eli Raridon,TE,NE,,1.0,,,0.0,0.0,0.0,0.0,9.0,2.11,19.0,9.3,102.0,0.7,0.0,0.0,0.0,0.0,0.0,False,True,0,True,95.0,Round 3,1.0,
NOW373761,Riley Nowakowski,TE,PIT,,1.0,,,0.0,0.0,0.0,0.0,8.0,2.38,19.0,10.7,118.5,0.3,0.0,0.0,0.0,0.0,0.0,False,True,0,True,169.0,Rd 4-5,1.0,
,Oscar Delp,TE,NO,,1.0,,,0.0,0.0,0.0,0.0,9.0,2.02,18.2,9.1,100.4,0.6,0.0,0.0,0.0,0.0,0.0,False,True,0,True,73.0,Round 3,1.0,
CUE040912,Josh Cuevas,TE,BAL,,1.0,,,0.0,0.0,0.0,0.0,8.0,2.06,16.5,9.2,101.4,0.3,0.0,0.0,0.0,0.0,0.0,False,True,0,True,173.0,Rd 4-5,1.0,
HIB564972,Matthew Hibner,TE,BAL,,1.0,,,0.0,0.0,0.0,0.0,8.0,2.06,16.5,9.2,101.4,0.3,0.0,0.0,0.0,0.0,0.0,False,True,0,True,133.0,Rd 4-5,1.0,
KOZ404039,Tanner Koziol,TE,JAX,,1.0,,,0.0,0.0,0.0,0.0,8.0,2.01,16.1,8.9,98.1,0.3,0.0,0.0,0.0,0.0,0.0,False,True,0,True,164.0,Rd 4-5,1.0,
,Joe Royer,TE,CLE,,1.0,,,0.0,0.0,0.0,0.0,8.0,1.91,15.3,8.4,92.7,0.3,0.0,0.0,0.0,0.0,0.0,False,True,0,True,170.0,Rd 4-5,1.0,
BRE060106,Max Bredeson,TE,MIN,,1.0,,,0.0,0.0,0.0,0.0,8.0,1.78,14.2,8.1,89.1,0.2,0.0,0.0,0.0,0.0,0.0,False,True,0,True,159.0,Rd 4-5,1.0,
ALL015451,Drew Allar,QB,PIT,,1.0,,,0.0,0.0,0.0,0.0,3.0,4.57,13.7,0.0,0.0,0.0,8.1,0.0,357.8,0.0,0.7,False,True,0,True,76.0,Round 3,0.97,"weapons 19 pctl, pass protection 79 pctl"
JOL735174,Justin Joly,TE,DEN,,1.0,,,0.0,0.0,0.0,0.0,8.0,1.56,12.5,7.0,78.0,0.2,0.0,0.0,0.0,0.0,0.0,False,True,0,True,152.0,Rd 4-5,1.0,
WET055619,Kaden Wetjen,WR,PIT,,1.0,,,0.0,0.0,0.0,0.0,8.0,1.46,11.7,9.2,70.8,0.0,0.0,0.0,0.0,0.0,0.0,False,True,0,True,121.0,Rd 4-5,1.0,
,Carson Beck,QB,ARI,,1.0,,,0.0,0.0,0.0,0.0,3.0,3.7,11.1,0.0,0.0,0.0,6.6,0.0,291.1,0.0,0.6,False,True,0,True,65.0,Round 3,0.981,"weapons 53 pctl, pass protection 26 pctl"
SAR527100,Elijah Sarratt,WR,BAL,,1.0,,,0.0,0.0,0.0,0.0,8.0,1.25,10.0,7.9,60.6,0.0,0.0,0.0,0.0,0.0,0.0,False,True,0,True,115.0,Rd 4-5,1.0,
LAN016345,Bryce Lance,WR,NO,,1.0,,,0.0,0.0,0.0,0.0,8.0,1.23,9.8,7.7,59.2,0.0,0.0,0.0,0.0,0.0,0.0,False,True,0,True,136.0,Rd 4-5,1.0,
VIR271235,Reggie Virgil,WR,ARI,,1.0,,,0.0,0.0,0.0,0.0,8.0,1.18,9.4,7.4,56.9,0.0,0.0,0.0,0.0,0.0,0.0,False,True,0,True,143.0,Rd 4-5,1.0,
LAW090280,Kendrick Law,WR,DET,,1.0,,,0.0,0.0,0.0,0.0,8.0,1.11,8.9,7.0,53.6,0.0,0.0,0.0,0.0,0.0,0.0,False,True,0,True,168.0,Rd 4-5,1.0,
BEL597603,Skyler Bell,WR,BUF,,1.0,,,0.0,0.0,0.0,0.0,8.0,1.08,8.6,6.8,52.3,0.0,0.0,0.0,0.0,0.0,0.0,False,True,0,True,125.0,Rd 4-5,1.0,
,Colbie Young,WR,CIN,,1.0,,,0.0,0.0,0.0,0.0,8.0,1.02,8.2,6.4,49.6,0.0,0.0,0.0,0.0,0.0,0.0,False,True,0,True,140.0,Rd 4-5,1.0,
ALL532376,Kaytron Allen,RB,WAS,,1.0,,,0.0,0.0,0.0,0.0,4.0,0.4,1.6,0.6,2.5,0.0,10.4,0.0,0.0,0.0,0.0,False,True,0,True,187.0,Rd 6-7,1.015,OL by his own gap mix: 61 pctl (L36/M27/R37 split) + team pass game 41 pctl
MIL303300,Jam Miller,RB,NE,,1.0,,,0.0,0.0,0.0,0.0,4.0,0.35,1.4,0.5,2.2,0.0,8.9,0.0,0.0,0.0,0.0,False,True,0,True,245.0,Rd 6-7,1.067,OL by his own gap mix: 61 pctl (L36/M27/R37 split) + team pass game 100 pctl
MCG547540,Seth McGowan,RB,IND,,1.0,,,0.0,0.0,0.0,0.0,4.0,0.32,1.3,0.5,2.2,0.0,8.7,0.0,0.0,0.0,0.0,False,True,0,True,237.0,Rd 6-7,1.09,OL by his own gap mix: 86 pctl (L36/M27/R37 split) + team pass game 66 pctl
CLA041524,Demond Claiborne,RB,MIN,,1.0,,,0.0,0.0,0.0,0.0,4.0,0.3,1.2,0.5,1.9,0.0,7.7,0.0,0.0,0.0,0.0,False,True,0,True,198.0,Rd 6-7,0.965,OL by his own gap mix: 51 pctl (L36/M27/R37 split) + team pass game 9 pctl
COL362413,Kevin Coleman Jr.,WR,MIA,,1.0,,,0.0,0.0,0.0,0.0,3.0,0.3,0.9,1.0,4.3,0.0,0.0,0.0,0.0,0.0,0.0,False,True,0,True,177.0,Rd 6-7,1.0,
,Deion Burks,WR,IND,,1.0,,,0.0,0.0,0.0,0.0,3.0,0.27,0.8,0.9,3.5,0.0,0.0,0.0,0.0,0.0,0.0,False,True,0,True,254.0,Rd 6-7,1.0,
ALL092954,Cyrus Allen,WR,KC,,1.0,,,0.0,0.0,0.0,0.0,3.0,0.27,0.8,0.9,3.7,0.0,0.0,0.0,0.0,0.0,0.0,False,True,0,True,176.0,Rd 6-7,1.0,
BRO268113,Barion Brown,WR,NO,,1.0,,,0.0,0.0,0.0,0.0,3.0,0.27,0.8,0.8,3.5,0.0,0.0,0.0,0.0,0.0,0.0,False,True,0,True,190.0,Rd 6-7,1.0,
WIL189259,CJ Williams,WR,JAX,,1.0,,,0.0,0.0,0.0,0.0,3.0,0.23,0.7,0.8,3.4,0.0,0.0,0.0,0.0,0.0,0.0,False,True,0,True,203.0,Rd 6-7,1.0,
BEN601117,Malik Benson,WR,LV,,1.0,,,0.0,0.0,0.0,0.0,3.0,0.23,0.7,0.8,3.4,0.0,0.0,0.0,0.0,0.0,0.0,False,True,0,True,195.0,Rd 6-7,1.0,
CAM108646,Josh Cameron,WR,JAX,,1.0,,,0.0,0.0,0.0,0.0,3.0,0.23,0.7,0.8,3.4,0.0,0.0,0.0,0.0,0.0,0.0,False,True,0,True,191.0,Rd 6-7,1.0,
BON235618,Lewis Bond,WR,HOU,,1.0,,,0.0,0.0,0.0,0.0,3.0,0.23,0.7,0.8,3.3,0.0,0.0,0.0,0.0,0.0,0.0,False,True,0,True,204.0,Rd 6-7,1.0,
HEN199637,Emmanuel Henderson Jr.,WR,SEA,,1.0,,,0.0,0.0,0.0,0.0,3.0,0.2,0.6,0.7,3.0,0.0,0.0,0.0,0.0,0.0,0.0,False,True,0,True,199.0,Rd 6-7,1.0,
SMI038569,Anthony Smith,WR,DAL,,1.0,,,0.0,0.0,0.0,0.0,3.0,0.2,0.6,0.7,2.9,0.0,0.0,0.0,0.0,0.0,0.0,False,True,0,True,218.0,Rd 6-7,1.0,
DAN490797,CJ Daniels,WR,LA,,1.0,,,0.0,0.0,0.0,0.0,3.0,0.2,0.6,0.7,2.8,0.0,0.0,0.0,0.0,0.0,0.0,False,True,0,True,197.0,Rd 6-7,1.0,
KLU066027,Cade Klubnik,QB,NYJ,,1.0,,,0.0,0.0,0.0,0.0,1.0,0.1,0.1,0.0,0.0,0.0,0.0,0.0,2.1,0.0,0.0,False,True,0,True,110.0,Rd 4-5,0.942,"weapons 41 pctl, pass protection 12 pctl"
PAY546690,Cole Payton,QB,PHI,,1.0,,,0.0,0.0,0.0,0.0,0.0,,0.0,0.0,0.0,0.0,0.0,0.0,0.0,0.0,0.0,False,True,0,True,178.0,Rd 6-7,1.119,"weapons 97 pctl, pass protection 76 pctl"
SHA375359,Bauer Sharp,TE,TB,,1.0,,,0.0,0.0,0.0,0.0,1.0,0.0,0.0,0.0,0.0,0.0,0.0,0.0,0.0,0.0,0.0,False,True,0,True,185.0,Rd 6-7,1.0,
END438361,Jack Endries,TE,CIN,,1.0,,,0.0,0.0,0.0,0.0,1.0,0.0,0.0,0.0,0.0,0.0,0.0,0.0,0.0,0.0,0.0,False,True,0,True,221.0,Rd 6-7,1.0,
TRA291459,Seydou Traore,TE,MIA,,1.0,,,0.0,0.0,0.0,0.0,1.0,0.0,0.0,0.0,0.0,0.0,0.0,0.0,0.0,0.0,0.0,False,True,0,True,180.0,Rd 6-7,1.0,
GRE361852,Taylen Green,QB,CLE,,1.0,,,0.0,0.0,0.0,0.0,0.0,,0.0,0.0,0.0,0.0,0.0,0.0,0.0,0.0,0.0,False,True,0,True,182.0,Rd 6-7,0.962,"weapons 50 pctl, pass protection 14 pctl"
KAL252591,Athan Kaliakmanis,QB,WAS,,1.0,,,0.0,0.0,0.0,0.0,0.0,,0.0,0.0,0.0,0.0,0.0,0.0,0.0,0.0,0.0,False,True,0,True,223.0,Rd 6-7,0.995,"weapons 47 pctl, pass protection 51 pctl"
MOR767384,Behren Morton,QB,NE,,1.0,,,0.0,0.0,0.0,0.0,0.0,,0.0,0.0,0.0,0.0,0.0,0.0,0.0,0.0,0.0,False,True,0,True,234.0,Rd 6-7,0.974,"weapons 44 pctl, pass protection 36 pctl"
KAN023071,Jaren Kanak,TE,TEN,,1.0,,,0.0,0.0,0.0,0.0,1.0,0.0,0.0,0.0,0.0,0.0,0.0,0.0,0.0,0.0,0.0,False,True,0,True,225.0,Rd 6-7,1.0,
RYA022232,Carsen Ryan,TE,CLE,,1.0,,,0.0,0.0,0.0,0.0,1.0,0.0,0.0,0.0,0.0,0.0,0.0,0.0,0.0,0.0,0.0,False,True,0,True,248.0,Rd 6-7,1.0,
NUS440041,Garrett Nussmeier,QB,KC,,1.0,,,0.0,0.0,0.0,0.0,0.0,,0.0,0.0,0.0,0.0,0.0,0.0,0.0,0.0,0.0,False,True,0,True,249.0,Rd 6-7,0.958,"weapons 38 pctl, pass protection 33 pctl"
BEN687044,Dallen Bentley,TE,DEN,,1.0,,,0.0,0.0,0.0,0.0,1.0,0.0,0.0,0.0,0.0,0.0,0.0,0.0,0.0,0.0,0.0,False,True,0,True,256.0,Rd 6-7,1.0,
